"country_name","Quarter","Type1","Type2","Type3","Type4","Type5","Type6","Type7","v2x_libdem","v2x_regime","pandem","panback","discrim","ndrights","merepfact","merepgov","merepoth","meinf","mevhar","mephar","govdis","pomviol","milinv","leglimit","melim","emlimit"
"Afghanistan","Q2",0,0,0,0,0,0,3,0.212,1,0.15,0.1002336,0,0,1,1,0,0,1,0,0,0,0,0,0,NA
"Afghanistan","Q3",0,0,0,0,0,0,3,0.212,1,0.15,0.1002336,0,0,1,1,0,0,0,0,0,0,0,0,0,NA
"Afghanistan","Q4",0,0,0,0,0,0,3,0.212,1,0.15,0.1002336,0,0,1,1,0,0,0,0,0,0,0,0,0,NA
"Afghanistan","Summary",0,0,0,0,0,0,3,0.212,1,0.15,0.1002336,0,0,1,1,0,0,1,0,0,0,0,0,0,NA
"Albania","Q2",0,0,0,2,0,0,3,0.431,1,0.25,0.245239,0,0,0,0,1,0,0,0,0,0,1,1,0,0
"Albania","Q3",0,0,0,2,0,0,0,0.431,1,0.1,0.0980956,0,0,0,0,0,0,0,0,0,0,0,0,0,0
"Albania","Q4",0,0,2,2,0,0,0,0.431,1,0.2,0.1961912,0,0,0,0,0,0,0,0,0,2,0,0,0,0
"Albania","Summary",0,0,2,2,0,0,3,0.431,1,0.25,0.179841933333333,0,0,0,0,1,0,0,0,0,2,1,1,0,0
"Algeria","Q2",0,0,1,0,0,2,3,0.119,1,0.3,0.1258068,0,0,1,1,0,1,0,0,2,1,0,2,1,1
"Algeria","Q3",0,0,1,0,0,1,3,0.119,1,0.25,0.104839,0,0,1,1,0,1,0,0,1,1,0,2,1,1
"Algeria","Q4",0,0,1,0,0,1,3,0.119,1,0.25,0.104839,0,0,1,1,0,1,0,0,1,1,0,2,1,1
"Algeria","Summary",0,0,1,0,0,2,3,0.119,1,0.3,0.111828266666667,0,0,1,1,0,1,0,0,2,1,0,2,1,1
"Angola","Q2",0,0,2,0,0,0,3,0.23,1,0.25,0.1771,0,0,1,1,0,0,0,0,0,2,1,2,0,1
"Angola","Q3",0,0,2,0,0,0,3,0.23,1,0.25,0.1771,0,0,1,1,0,0,0,0,0,2,1,2,0,1
"Angola","Q4",0,0,2,0,0,0,3,0.23,1,0.25,0.1771,0,0,1,1,0,0,0,0,0,2,1,2,0,1
"Angola","Summary",0,0,2,0,0,0,3,0.23,1,0.25,0.1771,0,0,1,1,0,0,0,0,0,2,1,2,0,1
"Argentina","Q2",0,0,3,0,0,0,0,0.631,2,0.15,0.1397034,0,0,0,0,0,0,0,0,0,3,1,2,0,1
"Argentina","Q3",0,0,3,0,0,0,0,0.631,2,0.15,0.1397034,0,0,0,0,0,0,0,0,0,3,1,2,0,1
"Argentina","Q4",0,0,3,0,0,0,0,0.631,2,0.15,0.1397034,0,0,0,0,0,0,0,0,0,3,1,2,0,1
"Argentina","Summary",0,0,3,0,0,0,0,0.631,2,0.15,0.1397034,0,0,0,0,0,0,0,0,0,3,1,2,0,1
"Armenia","Q2",0,0,0,0,0,0,3,0.641,1,0.15,0.1380714,0,0,1,1,0,0,0,0,0,0,0,0,3,1
"Armenia","Q3",0,0,0,0,0,0,0,0.641,1,0,0,0,0,0,0,0,0,0,0,0,0,0,0,0,1
"Armenia","Q4",0,0,0,0,0,0,0,0.641,1,0,0,0,0,0,0,0,0,0,0,0,0,0,0,0,1
"Armenia","Summary",0,0,0,0,0,0,3,0.641,1,0.15,0.0460238,0,0,1,1,0,0,0,0,0,0,0,0,3,1
"Australia","Q2",0,0,0,0,0,0,0,0.789,3,0,0,0,0,0,0,0,0,0,0,0,0,0,2,0,1
"Australia","Q3",0,0,1,0,0,0,0,0.789,3,0.05,0.0332958,0,0,0,0,0,0,0,0,0,1,1,2,0,1
"Australia","Q4",0,0,0,0,0,0,0,0.789,3,0,0,0,0,0,0,0,0,0,0,0,0,1,2,0,1
"Australia","Summary",0,0,1,0,0,0,0,0.789,3,0.05,0.0110986,0,0,0,0,0,0,0,0,0,1,1,2,0,1
"Austria","Q2",0,0,0,0,0,0,0,0.721,3,0,0,0,0,0,0,0,0,0,0,0,0,0,0,0,1
"Austria","Q3",0,0,0,0,0,0,0,0.721,3,0,0,0,0,0,0,0,0,0,0,0,0,0,0,0,1
"Austria","Q4",0,0,0,0,0,0,0,0.721,3,0,0,0,0,0,0,0,0,0,0,0,0,0,0,0,1
"Austria","Summary",0,0,0,0,0,0,0,0.721,3,0,0,0,0,0,0,0,0,0,0,0,0,0,0,0,1
"Azerbaijan","Q2",0,0,1,0,0,0,3,0.07,1,0.2,0.05208,0,0,1,1,1,2,0,1,0,1,0,2,0,1
"Azerbaijan","Q3",0,0,0,0,0,0,3,0.07,1,0.15,0.03906,0,0,1,1,1,2,0,0,0,0,0,2,0,1
"Azerbaijan","Q4",0,0,0,0,0,0,3,0.07,1,0.15,0.03906,0,0,1,1,0,2,0,0,0,0,0,2,0,1
"Azerbaijan","Summary",0,0,1,0,0,0,3,0.07,1,0.2,0.0434,0,0,1,1,1,2,0,1,0,1,0,2,0,1
"Bangladesh","Q2",0,0,2,0,0,0,3,0.1,1,0.25,0.09,0,0,1,1,0,0,0,1,0,2,1,0,0,1
"Bangladesh","Q3",0,0,0,0,0,0,3,0.1,1,0.15,0.054,0,0,1,1,0,0,0,1,0,0,1,0,0,NA
"Bangladesh","Q4",0,0,0,0,0,0,3,0.1,1,0.15,0.054,0,0,1,1,0,0,0,1,0,0,1,0,0,NA
"Bangladesh","Summary",0,0,2,0,0,0,3,0.1,1,0.25,0.066,0,0,1,1,0,0,0,1,0,2,1,0,0,1
"Belarus","Q2",0,0,0,2,0,2,3,0.115,1,0.35,0.142485,0,0,1,1,0,2,0,0,2,0,0,0,0,0
"Belarus","Q3",0,0,0,2,0,2,3,0.115,1,0.35,0.142485,0,0,1,1,0,2,0,0,2,0,0,0,0,0
"Belarus","Q4",0,0,0,2,0,2,3,0.115,1,0.35,0.142485,0,0,1,1,0,2,0,0,2,0,0,0,0,0
"Belarus","Summary",0,0,0,2,0,2,3,0.115,1,0.35,0.142485,0,0,1,1,0,2,0,0,2,0,0,0,0,0
"Belgium","Q2",1,0,1,0,0,0,0,0.822,3,0.1,0.0585264,1,0,0,0,0,0,0,0,0,1,0,1,0,1
"Belgium","Q3",1,0,0,0,0,0,0,0.822,3,0.05,0.0292632,1,0,0,0,0,0,0,0,0,0,0,1,0,1
"Belgium","Q4",1,0,0,0,0,0,0,0.822,3,0.05,0.0292632,1,0,0,0,0,0,0,0,0,0,0,1,0,1
"Belgium","Summary",1,0,1,0,0,0,0,0.822,3,0.1,0.0390176,1,0,0,0,0,0,0,0,0,1,0,1,0,1
"Benin","Q2",0,0,0,0,0,1,3,0.461,1,0.2,0.1987832,0,0,1,1,0,0,0,0,1,0,0,2,0,NA
"Benin","Q3",0,0,0,0,0,2,3,0.461,1,0.25,0.248479,0,0,1,1,0,0,0,0,2,0,0,2,0,NA
"Benin","Q4",0,0,0,0,0,2,3,0.461,1,0.25,0.248479,0,0,1,1,0,0,0,0,2,0,0,2,0,NA
"Benin","Summary",0,0,0,0,0,2,3,0.461,1,0.25,0.231913733333333,0,0,1,1,0,0,0,0,2,0,0,2,0,NA
"Bolivia","Q2",0,0,0,0,0,0,0,0.306,1,0,0,0,0,0,0,0,0,0,0,0,0,1,2,2,1
"Bolivia","Q3",0,0,0,0,0,0,0,0.306,1,0,0,0,0,0,0,0,0,0,0,0,0,1,2,0,1
"Bolivia","Q4",0,0,0,0,0,0,0,0.306,1,0,0,0,0,0,0,0,0,0,0,0,0,1,2,0,1
"Bolivia","Summary",0,0,0,0,0,0,0,0.306,1,0,0,0,0,0,0,0,0,0,0,0,0,1,2,2,1
"Bosnia and Herzegovina","Q2",3,0,0,1,0,0,3,0.345,2,0.35,0.316365,3,0,0,1,0,1,0,0,0,0,0,0,0,0
"Bosnia and Herzegovina","Q3",3,0,0,0,0,0,1,0.345,2,0.2,0.18078,3,0,0,0,0,1,0,0,0,0,0,0,0,NA
"Bosnia and Herzegovina","Q4",3,0,0,0,0,0,1,0.345,2,0.2,0.18078,3,0,0,0,0,1,0,0,0,0,0,0,0,NA
"Bosnia and Herzegovina","Summary",3,0,0,1,0,0,3,0.345,2,0.35,0.225975,3,0,0,1,0,1,0,0,0,0,0,0,0,0
"Botswana","Q2",0,0,0,0,0,0,0,0.55,3,0,0,0,0,0,0,0,0,0,0,0,0,1,1,3,1
"Botswana","Q3",0,0,0,0,0,0,0,0.55,3,0,0,0,0,0,0,0,0,0,0,0,0,1,1,3,1
"Botswana","Q4",0,0,0,0,0,0,0,0.55,3,0,0,0,0,0,0,0,0,0,0,0,0,1,1,3,1
"Botswana","Summary",0,0,0,0,0,0,0,0.55,3,0,0,0,0,0,0,0,0,0,0,0,0,1,1,3,1
"Brazil","Q2",0,0,0,2,0,2,2,0.508,2,0.3,0.2999232,0,0,0,0,0,2,1,0,2,0,0,2,0,0
"Brazil","Q3",0,0,0,2,0,2,2,0.508,2,0.3,0.2999232,0,0,0,0,0,0,1,0,2,0,0,2,0,0
"Brazil","Q4",0,0,0,2,0,2,2,0.508,2,0.3,0.2999232,0,0,0,0,0,0,1,0,2,0,0,2,0,0
"Brazil","Summary",0,0,0,2,0,2,2,0.508,2,0.3,0.2999232,0,0,0,0,0,2,1,0,2,0,0,2,0,0
"Bulgaria","Q2",3,0,0,0,0,0,1,0.488,2,0.2,0.1998848,3,0,0,0,0,1,0,0,0,0,0,2,0,1
"Bulgaria","Q3",2,0,0,0,0,0,0,0.488,2,0.1,0.0999424,2,0,0,0,0,0,0,0,0,0,0,0,0,1
"Bulgaria","Q4",0,0,0,0,0,0,0,0.488,2,0,0,0,0,0,0,0,0,0,0,0,0,0,0,0,1
"Bulgaria","Summary",3,0,0,0,0,0,1,0.488,2,0.2,0.0999424,3,0,0,0,0,1,0,0,0,0,0,2,0,1
"Burkina Faso","Q2",0,0,1,1,0,0,0,0.273,1,0.1,0.0793884,0,0,0,0,0,0,0,0,0,1,1,2,0,0
"Burkina Faso","Q3",0,0,0,0,0,0,0,0.273,1,0,0,0,0,0,0,0,0,0,0,0,0,0,2,0,1
"Burkina Faso","Q4",0,0,0,0,0,0,0,0.273,1,0,0,0,0,0,0,0,0,0,0,0,0,0,0,0,NA
"Burkina Faso","Summary",0,0,1,1,0,0,0,0.273,1,0.1,0.0264628,0,0,0,0,0,0,0,0,0,1,1,2,0,0
"Burma/Myanmar","Q2",1,0,1,0,0,0,3,0.246,1,0.25,0.185484,1,0,1,1,1,2,0,1,0,1,1,0,0,NA
"Burma/Myanmar","Q3",1,0,1,0,0,0,3,0.246,1,0.25,0.185484,1,0,1,1,1,2,0,0,0,1,1,0,0,NA
"Burma/Myanmar","Q4",1,0,1,0,0,0,3,0.246,1,0.25,0.185484,1,0,1,1,1,2,0,0,0,1,1,0,0,NA
"Burma/Myanmar","Summary",1,0,1,0,0,0,3,0.246,1,0.25,0.185484,1,0,1,1,1,2,0,1,0,1,1,0,0,NA
"Burundi","Q2",0,0,0,0,0,2,3,0.059,1,0.25,0.055519,0,0,1,1,0,2,0,0,2,0,0,0,0,NA
"Burundi","Q3",0,0,0,0,0,0,3,0.059,1,0.15,0.0333114,0,0,1,1,0,2,0,0,0,0,0,0,0,NA
"Burundi","Q4",0,0,0,0,0,0,3,0.059,1,0.15,0.0333114,0,0,1,1,0,2,0,0,0,0,0,0,0,NA
"Burundi","Summary",0,0,0,0,0,2,3,0.059,1,0.25,0.0407139333333333,0,0,1,1,0,2,0,0,2,0,0,0,0,NA
"Cambodia","Q2",0,0,0,0,0,0,3,0.088,1,0.15,0.0481536,0,0,1,1,0,1,0,0,0,0,0,0,0,NA
"Cambodia","Q3",0,0,0,0,0,0,3,0.088,1,0.15,0.0481536,0,0,1,1,0,1,0,0,0,0,0,0,0,NA
"Cambodia","Q4",0,0,0,0,0,0,3,0.088,1,0.15,0.0481536,0,0,1,1,0,1,0,0,0,0,0,0,0,NA
"Cambodia","Summary",0,0,0,0,0,0,3,0.088,1,0.15,0.0481536,0,0,1,1,0,1,0,0,0,0,0,0,0,NA
"Cameroon","Q2",0,0,2,0,0,1,3,0.145,1,0.3,0.14877,0,0,1,1,0,2,0,0,1,2,0,1,0,NA
"Cameroon","Q3",0,0,2,0,0,2,3,0.145,1,0.35,0.173565,0,0,1,1,0,2,0,0,2,2,0,1,0,NA
"Cameroon","Q4",0,0,2,0,0,2,3,0.145,1,0.35,0.173565,0,0,1,1,0,2,0,0,2,2,0,1,0,NA
"Cameroon","Summary",0,0,2,0,0,2,3,0.145,1,0.35,0.1653,0,0,1,1,0,2,0,0,2,2,0,1,0,NA
"Canada","Q2",0,0,0,0,0,0,0,0.776,3,0,0,0,0,0,0,0,0,0,0,0,0,0,0,0,NA
"Canada","Q3",0,0,0,0,0,0,0,0.776,3,0,0,0,0,0,0,0,0,0,0,0,0,0,0,0,NA
"Canada","Q4",0,0,0,0,0,0,0,0.776,3,0,0,0,0,0,0,0,0,0,0,0,0,0,0,0,NA
"Canada","Summary",0,0,0,0,0,0,0,0.776,3,0,0,0,0,0,0,0,0,0,0,0,0,0,0,0,NA
"Central African Republic","Q2",0,0,0,0,0,1,3,0.213,1,0.2,0.1341048,0,0,1,1,0,1,0,0,1,0,0,2,0,NA
"Central African Republic","Q3",0,0,0,0,0,2,3,0.213,1,0.25,0.167631,0,0,1,1,0,1,0,0,2,0,0,2,0,NA
"Central African Republic","Q4",0,0,0,0,0,2,3,0.213,1,0.25,0.167631,0,0,1,1,0,1,0,0,2,0,0,2,0,NA
"Central African Republic","Summary",0,0,0,0,0,2,3,0.213,1,0.25,0.1564556,0,0,1,1,0,1,0,0,2,0,0,2,0,NA
"Chad","Q2",0,0,1,0,0,1,3,0.11,1,0.25,0.0979,0,0,1,1,0,0,1,1,1,1,1,2,0,1
"Chad","Q3",0,0,1,0,0,2,3,0.11,1,0.3,0.11748,0,0,1,1,1,1,0,0,2,1,1,2,0,1
"Chad","Q4",0,0,1,0,0,2,3,0.11,1,0.3,0.11748,0,0,1,1,1,1,0,0,2,1,1,2,0,1
"Chad","Summary",0,0,1,0,0,2,3,0.11,1,0.3,0.110953333333333,0,0,1,1,1,1,1,1,2,1,1,2,0,1
"Chile","Q2",0,0,2,0,0,0,0,0.762,3,0.1,0.0725424,0,0,0,0,0,0,0,0,0,2,1,2,0,1
"Chile","Q3",0,0,2,0,0,0,0,0.762,3,0.1,0.0725424,0,0,0,0,0,0,0,0,0,2,1,2,0,1
"Chile","Q4",0,0,2,0,0,0,0,0.762,3,0.1,0.0725424,0,0,0,0,0,0,0,0,0,2,1,2,0,1
"Chile","Summary",0,0,2,0,0,0,0,0.762,3,0.1,0.0725424,0,0,0,0,0,0,0,0,0,2,1,2,0,1
"China","Q2",1,0,0,2,0,0,3,0.05,0,0.3,0.057,1,0,1,1,0,2,1,0,0,0,1,0,1,0
"China","Q3",1,0,0,2,0,0,3,0.05,0,0.3,0.057,1,0,1,1,0,2,0,0,0,0,0,0,1,0
"China","Q4",1,0,0,2,0,1,3,0.05,0,0.35,0.0665,1,0,1,1,0,2,0,0,1,0,0,0,1,0
"China","Summary",1,0,0,2,0,1,3,0.05,0,0.35,0.0601666666666667,1,0,1,1,0,2,1,0,1,0,1,0,1,0
"Colombia","Q2",0,0,2,0,0,0,0,0.503,2,0.1,0.0999964,0,0,0,0,0,0,0,0,0,2,1,2,0,1
"Colombia","Q3",0,0,2,0,0,0,0,0.503,2,0.1,0.0999964,0,0,0,0,0,0,0,0,0,2,1,2,0,1
"Colombia","Q4",0,0,2,0,0,0,0,0.503,2,0.1,0.0999964,0,0,0,0,0,0,0,0,0,2,1,2,0,1
"Colombia","Summary",0,0,2,0,0,0,0,0.503,2,0.1,0.0999964,0,0,0,0,0,0,0,0,0,2,1,2,0,1
"Costa Rica","Q2",0,0,1,2,0,0,0,0.816,3,0.15,0.0900864,0,0,0,0,0,0,0,0,0,1,0,2,0,0
"Costa Rica","Q3",0,0,0,2,0,0,0,0.816,3,0.1,0.0600576,0,0,0,0,0,0,0,0,0,0,0,2,0,0
"Costa Rica","Q4",0,0,0,2,0,0,0,0.816,3,0.1,0.0600576,0,0,0,0,0,0,0,0,0,0,0,2,NA,0
"Costa Rica","Summary",0,0,1,2,0,0,0,0.816,3,0.15,0.0700672,0,0,0,0,0,0,0,0,0,1,0,2,0,0
"Croatia","Q2",0,3,1,2,0,0,0,0.545,2,0.3,0.29757,0,1,0,0,0,0,0,0,0,1,0,2,0,0
"Croatia","Q3",0,3,1,0,0,0,0,0.545,2,0.2,0.19838,0,1,0,0,0,0,0,0,0,1,0,2,0,1
"Croatia","Q4",0,3,1,0,0,0,0,0.545,2,0.2,0.19838,0,1,0,0,0,0,0,0,0,1,0,2,0,1
"Croatia","Summary",0,3,1,2,0,0,0,0.545,2,0.3,0.231443333333333,0,1,0,0,0,0,0,0,0,1,0,2,0,0
"Cuba","Q2",0,0,1,2,0,0,3,0.09,0,0.3,0.09828,0,0,1,1,0,0,0,0,0,1,0,2,0,0
"Cuba","Q3",0,0,1,2,0,0,3,0.09,0,0.3,0.09828,0,0,1,1,0,0,0,0,0,1,0,2,0,0
"Cuba","Q4",0,0,1,2,0,0,3,0.09,0,0.3,0.09828,0,0,1,1,0,0,0,0,0,1,0,2,0,0
"Cuba","Summary",0,0,1,2,0,0,3,0.09,0,0.3,0.09828,0,0,1,1,0,0,0,0,0,1,0,2,0,0
"Czech Republic","Q2",0,0,0,2,0,0,1,0.697,2,0.15,0.1267146,0,0,0,0,0,1,0,0,0,0,1,2,0,0
"Czech Republic","Q3",0,0,0,2,0,0,1,0.697,2,0.15,0.1267146,0,0,0,0,0,1,0,0,0,0,0,2,0,0
"Czech Republic","Q4",0,0,0,2,0,0,1,0.697,2,0.15,0.1267146,0,0,0,0,0,1,0,0,0,0,0,2,0,0
"Czech Republic","Summary",0,0,0,2,0,0,1,0.697,2,0.15,0.1267146,0,0,0,0,0,1,0,0,0,0,1,2,0,0
"Democratic Republic of the Congo","Q2",0,0,2,0,3,1,3,0.139,1,0.45,0.2154222,0,0,1,1,1,0,0,1,1,2,0,4,0,1
"Democratic Republic of the Congo","Q3",0,0,1,0,0,2,3,0.139,1,0.3,0.1436148,0,0,1,1,0,0,0,0,2,1,0,2,0,1
"Democratic Republic of the Congo","Q4",0,0,1,0,0,2,3,0.139,1,0.3,0.1436148,0,0,1,1,0,0,0,0,2,1,0,0,0,NA
"Democratic Republic of the Congo","Summary",0,0,2,0,3,2,3,0.139,1,0.45,0.1675506,0,0,1,1,1,0,0,1,2,2,0,4,0,1
"Denmark","Q2",0,0,0,0,0,0,0,0.858,3,0,0,0,0,0,0,0,0,0,0,0,0,0,0,0,1
"Denmark","Q3",0,0,0,0,0,0,0,0.858,3,0,0,0,0,0,0,0,0,0,0,0,0,0,0,0,1
"Denmark","Q4",0,0,0,0,0,0,0,0.858,3,0,0,0,0,0,0,0,0,0,0,0,0,0,0,0,1
"Denmark","Summary",0,0,0,0,0,0,0,0.858,3,0,0,0,0,0,0,0,0,0,0,0,0,0,0,0,1
"Dominican Republic","Q2",0,0,0,0,0,0,0,0.322,2,0,0,0,0,0,0,0,0,0,0,0,0,1,0,0,1
"Dominican Republic","Q3",0,0,0,0,0,0,0,0.322,2,0,0,0,0,0,0,0,0,0,0,0,0,1,0,0,1
"Dominican Republic","Q4",0,0,0,0,0,0,0,0.322,2,0,0,0,0,0,0,0,0,0,0,0,0,1,0,0,1
"Dominican Republic","Summary",0,0,0,0,0,0,0,0.322,2,0,0,0,0,0,0,0,0,0,0,0,0,1,0,0,1
"Ecuador","Q2",0,0,2,0,0,0,0,0.502,2,0.1,0.0999984,0,0,0,0,0,0,0,0,0,2,1,2,0,1
"Ecuador","Q3",0,0,2,0,0,0,0,0.502,2,0.1,0.0999984,0,0,0,0,0,0,0,0,0,2,1,2,0,1
"Ecuador","Q4",0,0,0,0,0,0,3,0.502,2,0.15,0.1499976,0,0,0,0,0,0,0,1,0,0,1,0,0,NA
"Ecuador","Summary",0,0,2,0,0,0,3,0.502,2,0.15,0.1166648,0,0,0,0,0,0,0,1,0,2,1,2,0,1
"Egypt","Q2",0,3,1,0,0,0,3,0.126,1,0.35,0.1541736,0,1,1,1,0,2,0,1,0,1,0,0,2,1
"Egypt","Q3",0,3,1,0,0,0,3,0.126,1,0.35,0.1541736,0,1,1,1,0,2,0,0,0,1,0,0,2,1
"Egypt","Q4",0,3,0,0,0,0,3,0.126,1,0.3,0.1321488,0,1,1,1,0,2,0,0,0,0,0,0,2,1
"Egypt","Summary",0,3,1,0,0,0,3,0.126,1,0.35,0.146832,0,1,1,1,0,2,0,1,0,1,0,0,2,1
"El Salvador","Q2",0,3,2,0,2,1,3,0.437,2,0.55,0.5412682,0,1,1,1,1,2,1,0,1,2,1,3,2,1
"El Salvador","Q3",0,3,2,0,0,1,3,0.437,2,0.45,0.4428558,0,1,1,1,0,2,1,0,1,2,1,0,0,NA
"El Salvador","Q4",0,3,2,0,0,1,3,0.437,2,0.45,0.4428558,0,1,1,1,0,2,1,0,1,2,1,0,0,NA
"El Salvador","Summary",0,3,2,0,2,1,3,0.437,2,0.55,0.475659933333333,0,1,1,1,1,2,1,0,1,2,1,3,2,1
"Eritrea","Q2",0,3,0,0,0,0,3,0.012,0,0.3,0.0142272,0,1,1,1,1,0,0,0,0,0,1,0,0,NA
"Eritrea","Q3",0,3,0,0,0,0,3,0.012,0,0.3,0.0142272,0,1,1,1,1,0,0,0,0,0,1,0,0,NA
"Eritrea","Q4",0,3,0,0,0,0,3,0.012,0,0.3,0.0142272,0,1,1,1,1,0,0,0,0,0,1,0,0,NA
"Eritrea","Summary",0,3,0,0,0,0,3,0.012,0,0.3,0.0142272,0,1,1,1,1,0,0,0,0,0,1,0,0,NA
"Ethiopia","Q2",0,0,0,0,2,0,2,0.176,1,0.2,0.1160192,0,0,0,0,0,0,1,0,0,0,0,3,2,1
"Ethiopia","Q3",0,0,0,0,2,0,0,0.176,1,0.1,0.0580096,0,0,0,0,0,0,0,0,0,0,0,3,2,1
"Ethiopia","Q4",0,0,0,0,0,0,0,0.176,1,0,0,0,0,0,0,0,0,0,0,0,0,0,0,2,NA
"Ethiopia","Summary",0,0,0,0,2,0,2,0.176,1,0.2,0.0580096,0,0,0,0,0,0,1,0,0,0,0,3,2,1
"Finland","Q2",0,0,0,0,0,0,0,0.813,3,0,0,0,0,0,0,0,0,0,0,0,0,0,0,0,1
"Finland","Q3",0,0,0,0,0,0,0,0.813,3,0,0,0,0,0,0,0,0,0,0,0,0,0,0,0,1
"Finland","Q4",0,0,0,0,0,0,0,0.813,3,0,0,0,0,0,0,0,0,0,0,0,0,0,0,0,1
"Finland","Summary",0,0,0,0,0,0,0,0.813,3,0,0,0,0,0,0,0,0,0,0,0,0,0,0,0,1
"France","Q2",1,0,1,0,0,0,0,0.783,3,0.1,0.0679644,1,0,0,0,0,0,0,0,0,1,0,2,0,1
"France","Q3",1,0,1,0,0,0,0,0.783,3,0.1,0.0679644,1,0,0,0,0,0,0,0,0,1,0,2,0,1
"France","Q4",1,0,1,0,0,0,0,0.783,3,0.1,0.0679644,1,0,0,0,0,0,0,0,0,1,0,2,0,1
"France","Summary",1,0,1,0,0,0,0,0.783,3,0.1,0.0679644,1,0,0,0,0,0,0,0,0,1,0,2,0,1
"Gabon","Q2",0,0,0,0,0,1,3,0.2,1,0.2,0.128,0,0,0,1,1,2,0,0,1,0,0,2,0,1
"Gabon","Q3",0,0,0,0,0,2,3,0.2,1,0.25,0.16,0,0,0,1,1,2,0,0,2,0,0,2,0,1
"Gabon","Q4",0,0,0,0,0,2,3,0.2,1,0.25,0.16,0,0,0,1,1,2,0,0,2,0,0,2,0,1
"Gabon","Summary",0,0,0,0,0,2,3,0.2,1,0.25,0.149333333333333,0,0,0,1,1,2,0,0,2,0,0,2,0,1
"Georgia","Q2",1,0,0,0,0,0,1,0.504,2,0.1,0.0999936,1,0,0,0,0,1,0,0,0,0,1,2,0,1
"Georgia","Q3",0,0,0,0,0,0,0,0.504,2,0,0,0,0,0,0,0,0,0,0,0,0,0,2,0,1
"Georgia","Q4",0,0,0,0,0,0,0,0.504,2,0,0,0,0,0,0,0,0,0,0,0,0,0,2,0,1
"Georgia","Summary",1,0,0,0,0,0,1,0.504,2,0.1,0.0333312,1,0,0,0,0,1,0,0,0,0,1,2,0,1
"Germany","Q2",0,0,0,0,0,0,0,0.779,3,0,0,0,0,0,0,0,0,0,0,0,0,0,0,0,NA
"Germany","Q3",0,0,0,0,0,0,0,0.779,3,0,0,0,0,0,0,0,0,0,0,0,0,0,0,0,NA
"Germany","Q4",0,0,0,0,0,0,0,0.779,3,0,0,0,0,0,0,0,0,0,0,0,0,0,0,0,NA
"Germany","Summary",0,0,0,0,0,0,0,0.779,3,0,0,0,0,0,0,0,0,0,0,0,0,0,0,0,NA
"Ghana","Q2",0,0,1,0,2,0,3,0.608,3,0.3,0.2860032,0,0,0,1,1,1,1,1,0,1,1,3,0,1
"Ghana","Q3",0,0,0,0,2,0,0,0.608,3,0.1,0.0953344,0,0,0,0,0,0,0,0,0,0,1,3,0,1
"Ghana","Q4",0,0,0,0,2,0,0,0.608,3,0.1,0.0953344,0,0,0,0,0,0,0,0,0,0,1,3,0,1
"Ghana","Summary",0,0,1,0,2,0,3,0.608,3,0.3,0.158890666666667,0,0,0,1,1,1,1,1,0,1,1,3,0,1
"Greece","Q2",3,0,1,0,0,0,1,0.762,2,0.25,0.181356,3,0,0,0,0,1,0,0,0,1,0,1,0,1
"Greece","Q3",3,0,1,0,0,0,1,0.762,2,0.25,0.181356,3,0,0,0,0,1,0,0,0,1,0,1,0,1
"Greece","Q4",3,0,1,0,0,0,3,0.762,2,0.35,0.2538984,3,0,0,0,0,1,1,1,0,1,0,1,0,1
"Greece","Summary",3,0,1,0,0,0,3,0.762,2,0.35,0.2055368,3,0,0,0,0,1,1,1,0,1,0,1,0,1
"Guatemala","Q2",0,0,1,0,0,1,3,0.396,2,0.25,0.239184,0,0,0,0,0,2,1,1,1,1,1,2,0,1
"Guatemala","Q3",0,0,0,0,0,1,3,0.396,2,0.2,0.1913472,0,0,0,0,0,2,1,1,1,0,1,2,0,1
"Guatemala","Q4",0,0,0,0,0,1,3,0.396,2,0.2,0.1913472,0,0,0,0,0,2,1,1,1,0,1,2,0,1
"Guatemala","Summary",0,0,1,0,0,1,3,0.396,2,0.25,0.2072928,0,0,0,0,0,2,1,1,1,1,1,2,0,1
"Guinea","Q2",0,0,2,0,0,0,3,0.166,1,0.25,0.138444,0,0,0,0,0,0,1,1,0,2,1,2,0,1
"Guinea","Q3",0,0,2,0,0,0,0,0.166,1,0.1,0.0553776,0,0,0,0,0,0,0,0,0,2,1,2,0,1
"Guinea","Q4",0,0,2,0,0,0,0,0.166,1,0.1,0.0553776,0,0,0,0,0,0,0,0,0,2,1,2,0,1
"Guinea","Summary",0,0,2,0,0,0,3,0.166,1,0.25,0.0830664,0,0,0,0,0,0,1,1,0,2,1,2,0,1
"Haiti","Q2",0,0,1,0,3,0,3,0.239,1,0.35,0.2546306,0,0,1,1,0,2,1,1,0,1,0,5,0,1
"Haiti","Q3",0,0,1,0,3,0,3,0.239,1,0.35,0.2546306,0,0,1,1,0,1,1,1,0,1,0,5,0,1
"Haiti","Q4",0,0,1,0,3,0,3,0.239,1,0.35,0.2546306,0,0,1,1,0,1,1,1,0,1,0,5,0,NA
"Haiti","Summary",0,0,1,0,3,0,3,0.239,1,0.35,0.2546306,0,0,1,1,0,2,1,1,0,1,0,5,0,1
"Honduras","Q2",0,0,2,0,0,0,3,0.195,1,0.25,0.156975,0,0,1,1,1,1,0,0,0,2,1,2,2,1
"Honduras","Q3",0,0,2,0,0,0,3,0.195,1,0.25,0.156975,0,0,1,1,0,0,0,0,0,2,1,2,0,1
"Honduras","Q4",0,0,2,0,0,0,3,0.195,1,0.25,0.156975,0,0,1,1,0,0,0,0,0,2,1,2,0,1
"Honduras","Summary",0,0,2,0,0,0,3,0.195,1,0.25,0.156975,0,0,1,1,1,1,0,0,0,2,1,2,2,1
"Hong Kong","Q2",0,0,0,0,0,0,3,0.255,0,0.15,0.113985,0,0,1,1,0,0,0,0,0,0,0,0,0,1
"Hong Kong","Q3",0,0,0,0,0,0,3,0.255,0,0.15,0.113985,0,0,1,1,0,0,0,0,0,0,0,0,0,1
"Hong Kong","Q4",0,0,0,0,0,0,3,0.255,0,0.15,0.113985,0,0,1,1,0,0,0,0,0,0,0,0,0,1
"Hong Kong","Summary",0,0,0,0,0,0,3,0.255,0,0.15,0.113985,0,0,1,1,0,0,0,0,0,0,0,0,0,1
"Hungary","Q2",0,0,0,1,2,0,3,0.402,1,0.3,0.2884752,0,0,1,1,0,2,1,0,0,0,1,3,2,0
"Hungary","Q3",0,0,0,0,0,0,3,0.402,1,0.15,0.1442376,0,0,1,1,0,2,1,0,0,0,0,2,0,1
"Hungary","Q4",0,0,0,0,2,0,3,0.402,1,0.25,0.240396,0,0,1,1,0,2,1,0,0,0,1,3,2,1
"Hungary","Summary",0,0,0,1,2,0,3,0.402,1,0.3,0.2243696,0,0,1,1,0,2,1,0,0,0,1,3,2,0
"India","Q2",1,3,2,0,3,0,3,0.364,2,0.6,0.5556096,1,1,1,1,0,2,1,1,0,2,0,4,1,1
"India","Q3",1,0,2,0,3,0,3,0.364,2,0.45,0.4167072,1,0,1,1,0,2,0,1,0,2,0,4,0,NA
"India","Q4",1,0,2,0,0,0,3,0.364,2,0.3,0.2778048,1,0,1,1,0,2,0,0,0,2,0,0,0,NA
"India","Summary",1,3,2,0,3,0,3,0.364,2,0.6,0.4167072,1,1,1,1,0,2,1,1,0,2,0,4,1,1
"Indonesia","Q2",0,0,0,1,0,0,3,0.494,2,0.2,0.1999712,0,0,1,1,1,2,0,0,0,0,1,2,0,0
"Indonesia","Q3",0,0,0,0,0,1,3,0.494,2,0.2,0.1999712,0,0,1,1,1,2,0,0,1,0,1,0,0,NA
"Indonesia","Q4",0,0,0,0,0,0,3,0.494,2,0.15,0.1499784,0,0,1,1,1,2,0,0,0,0,1,0,0,NA
"Indonesia","Summary",0,0,0,1,0,1,3,0.494,2,0.2,0.183306933333333,0,0,1,1,1,2,0,0,1,0,1,2,0,0
"Iran","Q2",0,0,2,0,0,0,3,0.144,1,0.25,0.123264,0,0,1,1,1,2,1,1,0,2,1,0,1,NA
"Iran","Q3",0,0,0,0,0,0,3,0.144,1,0.15,0.0739584,0,0,1,1,1,2,1,1,0,0,1,0,1,NA
"Iran","Q4",0,0,0,0,0,0,3,0.144,1,0.15,0.0739584,0,0,1,1,1,2,1,1,0,0,1,0,1,NA
"Iran","Summary",0,0,2,0,0,0,3,0.144,1,0.25,0.0903936,0,0,1,1,1,2,1,1,0,2,1,0,1,NA
"Iraq","Q2",0,0,0,0,0,0,3,0.24,1,0.15,0.10944,0,0,1,1,0,1,1,1,0,0,0,0,0,NA
"Iraq","Q3",0,0,0,0,0,0,3,0.24,1,0.15,0.10944,0,0,1,1,0,1,1,1,0,0,0,0,0,NA
"Iraq","Q4",0,0,0,0,0,0,3,0.24,1,0.15,0.10944,0,0,1,1,0,1,1,1,0,0,0,0,0,NA
"Iraq","Summary",0,0,0,0,0,0,3,0.24,1,0.15,0.10944,0,0,1,1,0,1,1,1,0,0,0,0,0,NA
"Ireland","Q2",0,0,0,0,0,0,0,0.799,3,0,0,0,0,0,0,0,0,0,0,0,0,0,0,0,1
"Ireland","Q3",0,0,0,0,0,0,0,0.799,3,0,0,0,0,0,0,0,0,0,0,0,0,0,0,0,1
"Ireland","Q4",0,0,0,0,0,0,0,0.799,3,0,0,0,0,0,0,0,0,0,0,0,0,0,0,0,1
"Ireland","Summary",0,0,0,0,0,0,0,0.799,3,0,0,0,0,0,0,0,0,0,0,0,0,0,0,0,1
"Israel","Q2",0,0,1,0,0,0,0,0.574,3,0.05,0.0489048,0,0,0,0,0,0,0,0,0,1,1,0,0,1
"Israel","Q3",0,0,1,0,0,0,0,0.574,3,0.05,0.0489048,0,0,0,0,0,0,0,0,0,1,1,2,0,1
"Israel","Q4",0,0,1,0,0,0,0,0.574,3,0.05,0.0489048,0,0,0,0,0,0,0,0,0,1,1,2,0,1
"Israel","Summary",0,0,1,0,0,0,0,0.574,3,0.05,0.0489048,0,0,0,0,0,0,0,0,0,1,1,2,0,1
"Italy","Q2",0,0,1,0,0,0,1,0.772,3,0.1,0.0704064,0,0,0,0,0,1,0,0,0,1,1,0,0,1
"Italy","Q3",0,0,0,0,0,0,0,0.772,3,0,0,0,0,0,0,0,0,0,0,0,0,1,0,0,1
"Italy","Q4",0,0,0,0,0,0,0,0.772,3,0,0,0,0,0,0,0,0,0,0,0,0,1,0,0,1
"Italy","Summary",0,0,1,0,0,0,1,0.772,3,0.1,0.0234688,0,0,0,0,0,1,0,0,0,1,1,0,0,1
"Ivory Coast","Q2",0,0,0,0,0,0,3,0.375,2,0.15,0.140625,0,0,1,1,0,0,0,0,0,0,0,2,0,1
"Ivory Coast","Q3",0,0,0,0,0,0,3,0.375,2,0.15,0.140625,0,0,1,1,0,0,0,0,0,0,0,2,0,1
"Ivory Coast","Q4",0,0,0,0,0,0,3,0.375,2,0.15,0.140625,0,0,1,1,0,0,0,0,0,0,0,2,0,1
"Ivory Coast","Summary",0,0,0,0,0,0,3,0.375,2,0.15,0.140625,0,0,1,1,0,0,0,0,0,0,0,2,0,1
"Jamaica","Q2",0,0,0,2,0,0,0,0.69,2,0.1,0.08556,0,0,0,0,0,0,0,0,0,0,0,2,0,0
"Jamaica","Q3",0,0,0,2,0,0,0,0.69,2,0.1,0.08556,0,0,0,0,0,0,0,0,0,0,0,2,0,0
"Jamaica","Q4",0,0,0,2,0,0,0,0.69,2,0.1,0.08556,0,0,0,0,0,0,0,0,0,0,0,2,0,0
"Jamaica","Summary",0,0,0,2,0,0,0,0.69,2,0.1,0.08556,0,0,0,0,0,0,0,0,0,0,0,2,0,0
"Japan","Q2",0,0,0,0,0,0,1,0.736,3,0.05,0.0388608,0,0,0,0,0,1,0,0,0,0,0,0,0,1
"Japan","Q3",0,0,0,0,0,0,1,0.736,3,0.05,0.0388608,0,0,0,0,0,1,0,0,0,0,0,0,0,NA
"Japan","Q4",0,0,0,0,0,0,1,0.736,3,0.05,0.0388608,0,0,0,0,0,1,0,0,0,0,0,0,0,NA
"Japan","Summary",0,0,0,0,0,0,1,0.736,3,0.05,0.0388608,0,0,0,0,0,1,0,0,0,0,0,0,0,1
"Jordan","Q2",0,0,0,0,2,0,3,0.254,0,0.25,0.189484,0,0,1,1,1,0,1,1,0,0,1,3,1,1
"Jordan","Q3",0,0,1,2,2,0,3,0.254,0,0.4,0.3031744,0,0,1,1,1,0,1,1,0,1,1,3,1,0
"Jordan","Q4",0,0,0,2,2,0,3,0.254,0,0.35,0.2652776,0,0,1,1,1,0,1,1,0,0,1,3,1,0
"Jordan","Summary",0,0,1,2,2,0,3,0.254,0,0.4,0.252645333333333,0,0,1,1,1,0,1,1,0,1,1,3,1,0
"Kazakhstan","Q2",0,3,0,0,0,0,3,0.116,1,0.3,0.1230528,0,1,1,1,0,1,0,1,0,0,1,2,0,1
"Kazakhstan","Q3",0,0,0,2,0,0,3,0.116,1,0.25,0.102544,0,0,1,1,0,0,0,0,0,0,0,2,0,0
"Kazakhstan","Q4",0,0,0,2,0,0,3,0.116,1,0.25,0.102544,0,0,1,1,0,0,0,0,0,0,0,2,0,0
"Kazakhstan","Summary",0,3,0,2,0,0,3,0.116,1,0.3,0.109380266666667,0,1,1,1,0,1,0,1,0,0,1,2,0,0
"Kenya","Q2",0,0,3,0,0,0,3,0.338,1,0.3,0.2685072,0,0,1,1,1,2,1,1,0,3,0,2,1,1
"Kenya","Q3",0,0,3,0,0,0,3,0.338,1,0.3,0.2685072,0,0,1,1,1,2,1,1,0,3,0,2,1,1
"Kenya","Q4",0,0,3,0,0,0,3,0.338,1,0.3,0.2685072,0,0,1,1,1,2,1,1,0,3,0,2,1,1
"Kenya","Summary",0,0,3,0,0,0,3,0.338,1,0.3,0.2685072,0,0,1,1,1,2,1,1,0,3,0,2,1,1
"Kuwait","Q2",1,0,1,0,2,0,0,0.295,0,0.2,0.16638,1,0,0,0,0,0,0,0,0,1,1,3,0,NA
"Kuwait","Q3",1,0,0,0,2,0,0,0.295,0,0.15,0.124785,1,0,0,0,0,0,0,0,0,0,1,3,0,NA
"Kuwait","Q4",1,0,0,0,2,0,0,0.295,0,0.15,0.124785,1,0,0,0,0,0,0,0,0,0,1,3,0,NA
"Kuwait","Summary",1,0,1,0,2,0,0,0.295,0,0.2,0.13865,1,0,0,0,0,0,0,0,0,1,1,3,0,NA
"Kyrgyzstan","Q2",0,3,0,2,0,0,3,0.315,1,0.4,0.34524,0,1,1,1,1,2,0,0,0,0,1,0,0,0
"Kyrgyzstan","Q3",0,0,0,2,0,0,3,0.315,1,0.25,0.215775,0,0,1,1,0,2,0,0,0,0,0,0,0,0
"Kyrgyzstan","Q4",0,0,0,2,0,0,3,0.315,1,0.25,0.215775,0,0,1,1,0,2,0,0,0,0,0,0,0,0
"Kyrgyzstan","Summary",0,3,0,2,0,0,3,0.315,1,0.4,0.25893,0,1,1,1,1,2,0,0,0,0,1,0,0,0
"Laos","Q2",0,0,0,2,0,0,3,0.095,0,0.25,0.085975,0,0,1,1,1,2,0,0,0,0,1,0,3,0
"Laos","Q3",0,0,0,2,0,0,3,0.095,0,0.25,0.085975,0,0,1,1,1,2,0,0,0,0,1,0,3,0
"Laos","Q4",0,0,0,2,0,0,3,0.095,0,0.25,0.085975,0,0,1,1,1,2,0,0,0,0,1,0,3,0
"Laos","Summary",0,0,0,2,0,0,3,0.095,0,0.25,0.085975,0,0,1,1,1,2,0,0,0,0,1,0,3,0
"Lebanon","Q2",3,0,2,0,0,0,0,0.29,1,0.25,0.2059,3,0,0,0,0,0,0,0,0,2,1,2,0,1
"Lebanon","Q3",3,0,0,0,0,0,0,0.29,1,0.15,0.12354,3,0,0,0,0,0,0,0,0,0,1,2,0,1
"Lebanon","Q4",3,0,0,0,0,0,0,0.29,1,0.15,0.12354,3,0,0,0,0,0,0,0,0,0,1,2,0,1
"Lebanon","Summary",3,0,2,0,0,0,0,0.29,1,0.25,0.150993333333333,3,0,0,0,0,0,0,0,0,2,1,2,0,1
"Lesotho","Q2",0,0,1,0,3,0,0,0.465,2,0.2,0.19902,0,0,0,0,0,0,0,0,0,1,1,4,1,1
"Lesotho","Q3",0,0,0,0,0,0,0,0.465,2,0,0,0,0,0,0,0,0,0,0,0,0,0,2,1,1
"Lesotho","Q4",0,0,0,0,0,0,0,0.465,2,0,0,0,0,0,0,0,0,0,0,0,0,0,2,1,1
"Lesotho","Summary",0,0,1,0,3,0,0,0.465,2,0.2,0.06634,0,0,0,0,0,0,0,0,0,1,1,4,1,1
"Liberia","Q2",0,0,1,0,0,1,3,0.426,2,0.25,0.244524,0,0,1,1,1,2,1,1,1,1,1,2,1,1
"Liberia","Q3",0,0,0,0,0,0,3,0.426,2,0.15,0.1467144,0,0,1,1,1,2,0,0,0,0,1,2,1,1
"Liberia","Q4",0,0,0,2,0,0,3,0.426,2,0.25,0.244524,0,0,1,1,1,2,0,0,0,0,0,0,1,0
"Liberia","Summary",0,0,1,2,0,1,3,0.426,2,0.25,0.2119208,0,0,1,1,1,2,1,1,1,1,1,2,1,0
"Lithuania","Q2",0,0,0,2,0,0,0,0.732,2,0.1,0.0784704,0,0,0,0,0,0,0,0,0,0,1,0,0,0
"Lithuania","Q3",0,0,0,2,0,0,0,0.732,2,0.1,0.0784704,0,0,0,0,0,0,0,0,0,0,0,0,0,0
"Lithuania","Q4",0,0,0,2,0,0,0,0.732,2,0.1,0.0784704,0,0,0,0,0,0,0,0,0,0,0,0,0,0
"Lithuania","Summary",0,0,0,2,0,0,0,0.732,2,0.1,0.0784704,0,0,0,0,0,0,0,0,0,0,1,0,0,0
"Madagascar","Q2",0,0,1,0,0,2,3,0.313,1,0.3,0.2580372,0,0,1,1,1,2,0,1,2,1,1,2,3,1
"Madagascar","Q3",0,0,0,0,0,2,3,0.313,1,0.25,0.215031,0,0,1,1,1,2,0,0,2,0,1,2,3,1
"Madagascar","Q4",0,0,0,0,0,2,3,0.313,1,0.25,0.215031,0,0,1,1,1,2,0,0,2,0,1,2,3,1
"Madagascar","Summary",0,0,1,0,0,2,3,0.313,1,0.3,0.2293664,0,0,1,1,1,2,0,1,2,1,1,2,3,1
"Malawi","Q2",0,0,0,2,0,0,0,0.424,1,0.1,0.0976896,0,0,0,0,0,0,0,0,0,0,0,1,0,0
"Malawi","Q3",0,0,0,2,0,0,0,0.424,1,0.1,0.0976896,0,0,0,0,0,0,0,0,0,0,0,1,0,0
"Malawi","Q4",0,0,0,2,0,0,0,0.424,1,0.1,0.0976896,0,0,0,0,0,0,0,0,0,0,0,1,0,0
"Malawi","Summary",0,0,0,2,0,0,0,0.424,1,0.1,0.0976896,0,0,0,0,0,0,0,0,0,0,0,1,0,0
"Malaysia","Q2",3,0,0,0,2,0,3,0.328,1,0.4,0.3526656,3,0,1,1,0,0,1,1,0,0,1,3,0,1
"Malaysia","Q3",3,0,0,0,2,0,3,0.328,1,0.4,0.3526656,3,0,1,1,0,0,1,1,0,0,1,3,0,1
"Malaysia","Q4",3,0,0,0,2,0,3,0.328,1,0.4,0.3526656,3,0,1,1,0,0,1,1,0,0,1,3,0,1
"Malaysia","Summary",3,0,0,0,2,0,3,0.328,1,0.4,0.3526656,3,0,1,1,0,0,1,1,0,0,1,3,0,1
"Mali","Q2",0,0,0,1,0,1,3,0.309,1,0.25,0.213519,0,0,0,1,0,0,1,1,1,0,0,2,0,0
"Mali","Q3",0,0,0,0,3,2,0,0.309,1,0.25,0.213519,0,0,0,0,0,0,0,0,2,0,0,5,0,NA
"Mali","Q4",0,0,0,0,3,2,0,0.309,1,0.25,0.213519,0,0,0,0,0,0,0,0,2,0,NA,5,0,NA
"Mali","Summary",0,0,0,1,3,2,3,0.309,1,0.25,0.213519,0,0,0,1,0,0,1,1,2,0,0,5,0,0
"Mauritania","Q2",0,0,1,2,0,1,3,0.161,1,0.35,0.1891106,0,0,0,1,0,0,0,1,1,1,1,2,0,0
"Mauritania","Q3",0,0,0,1,0,2,0,0.161,1,0.15,0.0810474,0,0,0,0,0,0,0,0,2,0,1,2,0,0
"Mauritania","Q4",0,0,0,0,0,2,0,0.161,1,0.1,0.0540316,0,0,0,0,0,0,0,0,2,0,0,0,0,NA
"Mauritania","Summary",0,0,1,2,0,2,3,0.161,1,0.35,0.1080632,0,0,0,1,0,0,0,1,2,1,1,2,0,0
"Mexico","Q2",0,0,2,0,2,2,1,0.486,2,0.35,0.3497256,0,0,0,0,0,1,0,0,2,2,0,3,0,1
"Mexico","Q3",0,0,2,2,0,2,1,0.486,2,0.35,0.3497256,0,0,0,0,0,1,0,0,2,2,0,0,0,0
"Mexico","Q4",0,0,2,2,0,2,1,0.486,2,0.35,0.3497256,0,0,0,0,0,1,0,0,2,2,0,0,0,0
"Mexico","Summary",0,0,2,2,2,2,1,0.486,2,0.35,0.3497256,0,0,0,0,0,1,0,0,2,2,0,3,0,0
"Moldova","Q2",0,0,0,0,0,0,3,0.445,2,0.15,0.148185,0,0,0,1,0,1,1,0,0,0,1,2,3,1
"Moldova","Q3",0,0,0,0,0,0,0,0.445,2,0,0,0,0,0,0,0,0,0,0,0,0,1,2,0,1
"Moldova","Q4",0,0,0,2,0,0,0,0.445,2,0.1,0.09879,0,0,0,0,0,0,0,0,0,0,1,2,0,0
"Moldova","Summary",0,0,0,2,0,0,3,0.445,2,0.15,0.082325,0,0,0,1,0,1,1,0,0,0,1,2,3,0
"Mongolia","Q2",0,0,0,0,0,1,3,0.522,2,0.2,0.1996128,0,0,1,1,0,0,0,0,1,0,0,0,1,1
"Mongolia","Q3",0,0,0,0,0,1,3,0.522,2,0.2,0.1996128,0,0,1,1,0,0,0,0,1,0,0,0,1,1
"Mongolia","Q4",0,0,0,0,0,1,3,0.522,2,0.2,0.1996128,0,0,1,1,0,0,0,0,1,0,0,0,1,1
"Mongolia","Summary",0,0,0,0,0,1,3,0.522,2,0.2,0.1996128,0,0,1,1,0,0,0,0,1,0,0,0,1,1
"Morocco","Q2",0,0,1,0,0,1,3,0.256,0,0.25,0.190464,0,0,1,1,1,0,1,1,1,1,1,1,2,1
"Morocco","Q3",0,0,1,0,0,2,3,0.256,0,0.3,0.2285568,0,0,1,1,1,0,1,1,2,1,1,1,1,1
"Morocco","Q4",0,0,1,0,0,2,3,0.256,0,0.3,0.2285568,0,0,1,1,1,0,1,1,2,1,1,1,1,1
"Morocco","Summary",0,0,1,0,0,2,3,0.256,0,0.3,0.2158592,0,0,1,1,1,0,1,1,2,1,1,1,2,1
"Mozambique","Q2",0,0,2,0,0,0,3,0.269,1,0.25,0.196639,0,0,0,0,1,0,0,0,0,2,0,2,0,1
"Mozambique","Q3",0,0,2,0,0,0,3,0.269,1,0.25,0.196639,0,0,0,0,1,0,0,0,0,2,0,2,0,1
"Mozambique","Q4",0,0,0,2,0,0,3,0.269,1,0.25,0.196639,0,0,0,0,1,0,0,0,0,0,0,1,0,0
"Mozambique","Summary",0,0,2,2,0,0,3,0.269,1,0.25,0.196639,0,0,0,0,1,0,0,0,0,2,0,2,0,0
"Namibia","Q2",0,0,0,0,3,0,3,0.568,2,0.3,0.2944512,0,0,0,1,0,1,0,0,0,0,1,4,1,1
"Namibia","Q3",0,0,0,0,3,0,0,0.568,2,0.15,0.1472256,0,0,0,0,0,0,0,0,0,0,1,4,1,1
"Namibia","Q4",0,0,0,0,0,0,0,0.568,2,0,0,0,0,0,0,0,0,0,0,0,0,0,2,0,1
"Namibia","Summary",0,0,0,0,3,0,3,0.568,2,0.3,0.1472256,0,0,0,1,0,1,0,0,0,0,1,4,1,1
"Nepal","Q2",0,0,1,2,2,0,3,0.464,2,0.4,0.3979264,0,0,0,1,0,0,1,1,0,1,1,3,0,0
"Nepal","Q3",0,0,1,2,2,0,3,0.464,2,0.4,0.3979264,0,0,0,1,0,0,1,1,0,1,1,3,0,0
"Nepal","Q4",0,0,0,2,2,0,3,0.464,2,0.35,0.3481856,0,0,0,1,0,0,1,1,0,0,0,3,0,0
"Nepal","Summary",0,0,1,2,2,0,3,0.464,2,0.4,0.381346133333333,0,0,0,1,0,0,1,1,0,1,1,3,0,0
"Netherlands","Q2",0,0,0,0,0,0,0,0.784,3,0,0,0,0,0,0,0,0,0,0,0,0,0,0,0,NA
"Netherlands","Q3",0,0,0,0,0,0,0,0.784,3,0,0,0,0,0,0,0,0,0,0,0,0,0,0,0,NA
"Netherlands","Q4",0,0,0,0,0,0,0,0.784,3,0,0,0,0,0,0,0,0,0,0,0,0,0,0,0,1
"Netherlands","Summary",0,0,0,0,0,0,0,0.784,3,0,0,0,0,0,0,0,0,0,0,0,0,0,0,0,1
"New Zealand","Q2",0,0,0,0,0,0,0,0.815,3,0,0,0,0,0,0,0,0,0,0,0,0,1,0,0,1
"New Zealand","Q3",0,0,0,0,0,0,0,0.815,3,0,0,0,0,0,0,0,0,0,0,0,0,1,0,0,1
"New Zealand","Q4",0,0,0,0,0,0,0,0.815,3,0,0,0,0,0,0,0,0,0,0,0,0,1,0,0,1
"New Zealand","Summary",0,0,0,0,0,0,0,0.815,3,0,0,0,0,0,0,0,0,0,0,0,0,1,0,0,1
"Nicaragua","Q2",0,0,0,0,0,3,3,0.058,1,0.3,0.0655632,0,0,1,1,0,2,1,0,3,0,0,0,0,NA
"Nicaragua","Q3",0,0,0,0,0,3,3,0.058,1,0.3,0.0655632,0,0,1,1,0,2,1,0,3,0,0,0,0,NA
"Nicaragua","Q4",0,0,0,0,0,3,3,0.058,1,0.3,0.0655632,0,0,1,1,0,2,1,0,3,0,0,0,0,NA
"Nicaragua","Summary",0,0,0,0,0,3,3,0.058,1,0.3,0.0655632,0,0,1,1,0,2,1,0,3,0,0,0,0,NA
"Niger","Q2",0,0,1,0,0,1,3,0.344,1,0.25,0.225664,0,0,1,1,0,1,1,1,1,1,0,2,0,1
"Niger","Q3",0,0,0,0,0,2,3,0.344,1,0.25,0.225664,0,0,1,1,0,1,1,1,2,0,0,2,0,1
"Niger","Q4",0,0,0,0,0,2,3,0.344,1,0.25,0.225664,0,0,1,1,0,1,1,1,2,0,0,2,0,1
"Niger","Summary",0,0,1,0,0,2,3,0.344,1,0.25,0.225664,0,0,1,1,0,1,1,1,2,1,0,2,0,1
"Nigeria","Q2",0,0,3,0,0,0,3,0.339,1,0.3,0.2688948,0,0,1,1,1,2,1,1,0,3,1,2,0,1
"Nigeria","Q3",0,0,3,0,0,0,3,0.339,1,0.3,0.2688948,0,0,1,1,1,2,0,1,0,3,1,2,0,1
"Nigeria","Q4",0,0,3,0,0,0,3,0.339,1,0.3,0.2688948,0,0,1,1,1,2,0,1,0,3,1,2,0,1
"Nigeria","Summary",0,0,3,0,0,0,3,0.339,1,0.3,0.2688948,0,0,1,1,1,2,1,1,0,3,1,2,0,1
"North Korea","Q2",0,0,0,0,0,0,3,0.014,0,0.15,0.0082824,0,0,1,1,0,2,0,0,0,0,0,0,0,NA
"North Korea","Q3",0,0,0,0,0,0,3,0.014,0,0.15,0.0082824,0,0,1,1,0,2,0,0,0,0,0,0,0,NA
"North Korea","Q4",0,0,0,0,0,1,3,0.014,0,0.2,0.0110432,0,0,1,1,0,2,0,0,1,0,0,0,0,NA
"North Korea","Summary",0,0,0,0,0,1,3,0.014,0,0.2,0.00920266666666667,0,0,1,1,0,2,0,0,1,0,0,0,0,NA
"North Macedonia","Q2",1,0,0,2,3,0,0,0.432,2,0.3,0.2944512,1,0,0,0,0,0,0,0,0,0,1,4,0,0
"North Macedonia","Q3",0,0,0,2,3,0,0,0.432,2,0.25,0.245376,0,0,0,0,0,0,0,0,0,0,0,4,0,0
"North Macedonia","Q4",0,0,0,2,0,0,0,0.432,2,0.1,0.0981504,0,0,0,0,0,0,0,0,0,0,0,2,0,0
"North Macedonia","Summary",1,0,0,2,3,0,0,0.432,2,0.3,0.2126592,1,0,0,0,0,0,0,0,0,0,1,4,0,0
"Norway","Q2",0,0,0,0,0,0,0,0.825,3,0,0,0,0,0,0,0,0,0,0,0,0,0,0,0,1
"Norway","Q3",0,0,0,2,0,0,0,0.825,3,0.1,0.05775,0,0,0,0,0,0,0,0,0,0,0,0,0,0
"Norway","Q4",0,0,0,2,0,0,0,0.825,3,0.1,0.05775,0,0,0,0,0,0,0,0,0,0,0,0,0,0
"Norway","Summary",0,0,0,2,0,0,0,0.825,3,0.1,0.0385,0,0,0,0,0,0,0,0,0,0,0,0,0,0
"Oman","Q2",0,0,0,2,2,0,3,0.143,0,0.35,0.1715714,0,0,1,1,1,0,0,0,0,0,1,3,3,0
"Oman","Q3",0,0,0,2,2,0,3,0.143,0,0.35,0.1715714,0,0,1,1,1,0,0,0,0,0,1,3,3,0
"Oman","Q4",0,0,0,2,2,0,3,0.143,0,0.35,0.1715714,0,0,1,1,0,0,0,0,0,0,1,3,0,0
"Oman","Summary",0,0,0,2,2,0,3,0.143,0,0.35,0.1715714,0,0,1,1,1,0,0,0,0,0,1,3,3,0
"Pakistan","Q2",1,0,1,0,0,0,3,0.211,1,0.25,0.166479,1,0,1,1,0,0,0,1,0,1,1,0,0,NA
"Pakistan","Q3",0,0,1,0,0,0,3,0.211,1,0.2,0.1331832,0,0,1,1,0,0,0,1,0,1,1,0,0,NA
"Pakistan","Q4",0,0,0,0,0,0,3,0.211,1,0.15,0.0998874,0,0,1,1,0,0,0,1,0,0,0,0,0,NA
"Pakistan","Summary",1,0,1,0,0,0,3,0.211,1,0.25,0.1331832,1,0,1,1,0,0,0,1,0,1,1,0,0,NA
"Panama","Q2",2,0,1,2,0,0,0,0.592,2,0.25,0.241536,2,0,0,0,0,0,0,0,0,1,0,2,0,0
"Panama","Q3",2,0,1,2,0,0,0,0.592,2,0.25,0.241536,2,0,0,0,0,0,0,0,0,1,0,2,0,0
"Panama","Q4",0,0,1,2,0,0,0,0.592,2,0.15,0.1449216,0,0,0,0,0,0,0,0,0,1,0,2,0,0
"Panama","Summary",2,0,1,2,0,0,0,0.592,2,0.25,0.2093312,2,0,0,0,0,0,0,0,0,1,0,2,0,0
"Papua New Guinea","Q2",0,0,0,2,0,0,3,0.373,1,0.25,0.233871,0,0,1,1,0,1,1,0,0,0,1,2,2,0
"Papua New Guinea","Q3",0,0,0,2,0,0,3,0.373,1,0.25,0.233871,0,0,1,1,0,1,1,0,0,0,1,2,2,0
"Papua New Guinea","Q4",0,0,0,2,0,0,3,0.373,1,0.25,0.233871,0,0,1,1,0,1,1,0,0,0,1,2,2,0
"Papua New Guinea","Summary",0,0,0,2,0,0,3,0.373,1,0.25,0.233871,0,0,1,1,0,1,1,0,0,0,1,2,2,0
"Paraguay","Q2",0,0,1,2,2,0,0,0.427,2,0.25,0.244671,0,0,0,0,0,0,0,0,0,1,1,3,0,0
"Paraguay","Q3",0,0,1,2,2,0,3,0.427,2,0.4,0.3914736,0,0,0,1,0,0,0,1,0,1,1,3,0,0
"Paraguay","Q4",0,0,1,2,2,0,0,0.427,2,0.25,0.244671,0,0,0,0,0,0,0,0,0,1,1,3,0,0
"Paraguay","Summary",0,0,1,2,2,0,3,0.427,2,0.4,0.2936052,0,0,0,1,0,0,0,1,0,1,1,3,0,0
"Peru","Q2",2,0,1,0,0,0,0,0.674,2,0.15,0.1318344,2,0,0,0,0,0,0,0,0,1,1,2,0,1
"Peru","Q3",0,0,1,0,0,0,0,0.674,2,0.05,0.0439448,0,0,0,0,0,0,0,0,0,1,1,2,0,1
"Peru","Q4",0,0,1,0,0,0,0,0.674,2,0.05,0.0439448,0,0,0,0,0,0,0,0,0,1,1,2,0,1
"Peru","Summary",2,0,1,0,0,0,0,0.674,2,0.15,0.0732413333333333,2,0,0,0,0,0,0,0,0,1,1,2,0,1
"Philippines","Q2",0,3,2,0,0,0,3,0.286,1,0.4,0.3267264,0,1,1,1,1,2,0,0,0,2,1,2,1,1
"Philippines","Q3",0,3,2,0,0,0,3,0.286,1,0.4,0.3267264,0,1,1,1,1,2,0,0,0,2,1,2,1,1
"Philippines","Q4",0,3,2,0,0,0,3,0.286,1,0.4,0.3267264,0,1,1,1,1,2,0,0,0,2,1,2,1,1
"Philippines","Summary",0,3,2,0,0,0,3,0.286,1,0.4,0.3267264,0,1,1,1,1,2,0,0,0,2,1,2,1,1
"Poland","Q2",0,0,0,2,0,0,3,0.5,2,0.25,0.25,0,0,0,0,1,1,0,1,0,0,1,0,0,0
"Poland","Q3",0,0,0,2,0,0,3,0.5,2,0.25,0.25,0,0,0,0,1,0,0,0,0,0,1,0,0,0
"Poland","Q4",0,0,0,2,0,0,3,0.5,2,0.25,0.25,0,0,0,0,1,0,0,0,0,0,1,0,0,0
"Poland","Summary",0,0,0,2,0,0,3,0.5,2,0.25,0.25,0,0,0,0,1,1,0,1,0,0,1,0,0,0
"Portugal","Q2",0,0,0,0,0,0,0,0.817,3,0,0,0,0,0,0,0,0,0,0,0,0,0,2,0,1
"Portugal","Q3",0,0,0,0,0,0,0,0.817,3,0,0,0,0,0,0,0,0,0,0,0,0,0,2,0,1
"Portugal","Q4",0,0,0,0,0,0,0,0.817,3,0,0,0,0,0,0,0,0,0,0,0,0,0,2,0,1
"Portugal","Summary",0,0,0,0,0,0,0,0.817,3,0,0,0,0,0,0,0,0,0,0,0,0,0,2,0,1
"Qatar","Q2",3,0,1,0,0,0,3,0.086,0,0.35,0.1100456,3,0,1,1,0,0,0,0,0,1,0,0,0,NA
"Qatar","Q3",3,0,1,0,0,0,3,0.086,0,0.35,0.1100456,3,0,1,1,0,0,0,0,0,1,0,0,0,NA
"Qatar","Q4",3,0,1,0,0,0,3,0.086,0,0.35,0.1100456,3,0,1,1,0,0,0,0,0,1,0,0,0,NA
"Qatar","Summary",3,0,1,0,0,0,3,0.086,0,0.35,0.1100456,3,0,1,1,0,0,0,0,0,1,0,0,0,NA
"Republic of the Congo","Q2",0,0,0,0,0,1,3,0.099,1,0.2,0.0713592,0,0,1,1,0,1,0,0,1,0,0,2,0,1
"Republic of the Congo","Q3",0,0,0,0,0,0,3,0.099,1,0.15,0.0535194,0,0,1,1,0,1,0,0,0,0,0,2,0,1
"Republic of the Congo","Q4",0,0,0,0,0,0,3,0.099,1,0.15,0.0535194,0,0,1,1,0,1,0,0,0,0,0,2,0,1
"Republic of the Congo","Summary",0,0,0,0,0,1,3,0.099,1,0.2,0.059466,0,0,1,1,0,1,0,0,1,0,0,2,0,1
"Romania","Q2",0,0,1,0,0,0,1,0.434,2,0.1,0.0982576,0,0,0,0,0,1,0,0,0,1,1,2,1,1
"Romania","Q3",0,0,0,0,0,0,0,0.434,2,0,0,0,0,0,0,0,0,0,0,0,0,1,1,0,1
"Romania","Q4",0,0,0,0,0,0,0,0.434,2,0,0,0,0,0,0,0,0,0,0,0,0,1,1,0,1
"Romania","Summary",0,0,1,0,0,0,1,0.434,2,0.1,0.0327525333333333,0,0,0,0,0,1,0,0,0,1,1,2,1,1
"Russia","Q2",0,0,1,2,0,1,3,0.099,1,0.35,0.1248786,0,0,1,1,1,2,1,0,1,1,0,0,0,0
"Russia","Q3",0,0,0,2,0,1,3,0.099,1,0.3,0.1070388,0,0,1,1,0,2,0,0,1,0,0,0,0,0
"Russia","Q4",0,0,0,2,0,1,3,0.099,1,0.3,0.1070388,0,0,1,1,0,2,0,0,1,0,0,0,0,0
"Russia","Summary",0,0,1,2,0,1,3,0.099,1,0.35,0.1129854,0,0,1,1,1,2,1,0,1,1,0,0,0,0
"Rwanda","Q2",0,0,1,0,0,0,3,0.154,1,0.2,0.1042272,0,0,1,1,1,2,0,1,0,1,0,2,0,NA
"Rwanda","Q3",0,0,0,0,0,0,3,0.154,1,0.15,0.0781704,0,0,1,1,1,2,0,1,0,0,0,2,0,NA
"Rwanda","Q4",0,0,0,0,0,0,3,0.154,1,0.15,0.0781704,0,0,1,1,1,2,0,1,0,0,0,2,0,NA
"Rwanda","Summary",0,0,1,0,0,0,3,0.154,1,0.2,0.086856,0,0,1,1,1,2,0,1,0,1,0,2,0,NA
"Saudi Arabia","Q2",3,3,0,0,3,0,3,0.04,0,0.6,0.09216,3,1,1,1,0,0,0,0,0,0,0,5,0,NA
"Saudi Arabia","Q3",3,3,0,0,3,0,3,0.04,0,0.6,0.09216,3,1,1,1,0,0,0,0,0,0,0,5,0,NA
"Saudi Arabia","Q4",3,3,0,0,3,0,3,0.04,0,0.6,0.09216,3,1,1,1,0,0,0,0,0,0,0,5,0,NA
"Saudi Arabia","Summary",3,3,0,0,3,0,3,0.04,0,0.6,0.09216,3,1,1,1,0,0,0,0,0,0,0,5,0,NA
"Senegal","Q2",0,0,1,0,0,1,3,0.561,2,0.25,0.246279,0,0,0,1,1,2,0,1,1,1,0,2,0,1
"Senegal","Q3",0,0,0,0,0,2,0,0.561,2,0.1,0.0985116,0,0,0,0,0,0,0,0,2,0,0,0,0,NA
"Senegal","Q4",0,0,0,0,0,2,0,0.561,2,0.1,0.0985116,0,0,0,0,0,0,0,0,2,0,0,0,0,NA
"Senegal","Summary",0,0,1,0,0,2,3,0.561,2,0.25,0.1477674,0,0,0,1,1,2,0,1,2,1,0,2,0,1
"Serbia","Q2",3,0,1,0,3,2,3,0.254,1,0.6,0.4547616,3,0,0,1,0,2,1,1,2,1,1,4,3,1
"Serbia","Q3",3,0,0,2,0,2,0,0.254,1,0.35,0.2652776,3,0,0,0,0,0,0,0,2,0,1,2,0,0
"Serbia","Q4",3,0,0,2,0,0,0,0.254,1,0.25,0.189484,3,0,0,0,0,0,0,0,0,0,1,2,0,0
"Serbia","Summary",3,0,1,2,3,2,3,0.254,1,0.6,0.3031744,3,0,0,1,0,2,1,1,2,1,1,4,3,0
"Sierra Leone","Q2",0,0,0,0,2,0,3,0.395,2,0.25,0.238975,0,0,0,1,0,0,0,1,0,0,1,3,0,1
"Sierra Leone","Q3",0,0,0,0,2,0,0,0.395,2,0.1,0.09559,0,0,0,0,0,0,0,0,0,0,1,3,0,1
"Sierra Leone","Q4",0,0,0,0,2,0,0,0.395,2,0.1,0.09559,0,0,0,0,0,0,0,0,0,0,1,3,0,1
"Sierra Leone","Summary",0,0,0,0,2,0,3,0.395,2,0.25,0.143385,0,0,0,1,0,0,0,1,0,0,1,3,0,1
"Singapore","Q2",3,0,0,0,0,0,3,0.345,1,0.3,0.27117,3,0,1,1,0,0,0,0,0,0,0,0,0,1
"Singapore","Q3",3,0,0,0,0,0,3,0.345,1,0.3,0.27117,3,0,1,1,0,0,0,0,0,0,0,0,0,1
"Singapore","Q4",3,0,0,0,0,0,3,0.345,1,0.3,0.27117,3,0,1,1,0,0,0,0,0,0,0,0,0,1
"Singapore","Summary",3,0,0,0,0,0,3,0.345,1,0.3,0.27117,3,0,1,1,0,0,0,0,0,0,0,0,0,1
"Slovakia","Q2",3,0,1,2,0,0,0,0.717,2,0.3,0.2434932,3,0,0,0,0,0,0,0,0,1,1,0,0,0
"Slovakia","Q3",0,0,0,2,0,0,0,0.717,2,0.1,0.0811644,0,0,0,0,0,0,0,0,0,0,1,0,0,0
"Slovakia","Q4",0,0,0,2,0,0,0,0.717,2,0.1,0.0811644,0,0,0,0,0,0,0,0,0,0,1,0,0,0
"Slovakia","Summary",3,0,1,2,0,0,0,0.717,2,0.3,0.135274,3,0,0,0,0,0,0,0,0,1,1,0,0,0
"Slovenia","Q2",0,0,0,2,0,0,2,0.714,3,0.2,0.1633632,0,0,0,0,0,1,1,0,0,0,0,0,0,0
"Slovenia","Q3",0,0,0,2,0,0,2,0.714,3,0.2,0.1633632,0,0,0,0,0,0,1,0,0,0,0,0,0,0
"Slovenia","Q4",0,0,0,2,0,0,2,0.714,3,0.2,0.1633632,0,0,0,0,0,0,1,0,0,0,0,0,0,0
"Slovenia","Summary",0,0,0,2,0,0,2,0.714,3,0.2,0.1633632,0,0,0,0,0,1,1,0,0,0,0,0,0,0
"Somalia","Q2",0,0,2,0,3,0,3,0.102,0,0.4,0.1465536,0,0,1,1,0,2,1,1,0,2,0,4,0,NA
"Somalia","Q3",0,0,0,0,0,0,3,0.102,0,0.15,0.0549576,0,0,1,1,0,2,1,1,0,0,0,0,0,NA
"Somalia","Q4",0,0,0,0,0,0,3,0.102,0,0.15,0.0549576,0,0,1,1,0,2,1,1,0,0,0,0,0,NA
"Somalia","Summary",0,0,2,0,3,0,3,0.102,0,0.4,0.0854896,0,0,1,1,0,2,1,1,0,2,0,4,0,NA
"South Africa","Q2",0,0,3,0,0,1,3,0.575,2,0.35,0.342125,0,0,0,1,0,0,1,1,1,3,1,2,1,1
"South Africa","Q3",0,0,3,0,0,1,0,0.575,2,0.2,0.1955,0,0,0,0,0,0,0,0,1,3,1,2,1,1
"South Africa","Q4",0,0,3,0,0,1,0,0.575,2,0.2,0.1955,0,0,0,0,0,0,0,0,1,3,0,2,1,1
"South Africa","Summary",0,0,3,0,0,1,3,0.575,2,0.35,0.244375,0,0,0,1,0,0,1,1,1,3,1,2,1,1
"South Korea","Q2",0,0,0,2,0,0,0,0.78,3,0.1,0.06864,0,0,0,0,0,0,0,0,0,0,0,0,0,0
"South Korea","Q3",0,0,0,2,0,0,0,0.78,3,0.1,0.06864,0,0,0,0,0,0,0,0,0,0,0,0,0,0
"South Korea","Q4",0,0,0,2,0,0,0,0.78,3,0.1,0.06864,0,0,0,0,0,0,0,0,0,0,0,0,0,0
"South Korea","Summary",0,0,0,2,0,0,0,0.78,3,0.1,0.06864,0,0,0,0,0,0,0,0,0,0,0,0,0,0
"South Sudan","Q2",0,0,0,0,0,0,3,0.064,0,0.15,0.0359424,0,0,1,1,0,0,0,0,0,0,0,0,0,NA
"South Sudan","Q3",0,0,0,0,0,0,3,0.064,0,0.15,0.0359424,0,0,1,1,0,0,0,0,0,0,0,0,0,NA
"South Sudan","Q4",0,0,0,0,0,0,3,0.064,0,0.15,0.0359424,0,0,1,1,0,0,0,0,0,0,0,0,0,NA
"South Sudan","Summary",0,0,0,0,0,0,3,0.064,0,0.15,0.0359424,0,0,1,1,0,0,0,0,0,0,0,0,0,NA
"Spain","Q2",0,0,1,2,0,0,1,0.815,3,0.2,0.12062,0,0,0,0,0,1,0,0,0,1,1,2,0,0
"Spain","Q3",0,0,0,2,0,0,0,0.815,3,0.1,0.06031,0,0,0,0,0,0,0,0,0,0,0,0,0,0
"Spain","Q4",0,0,0,2,0,0,0,0.815,3,0.1,0.06031,0,0,0,0,0,0,0,0,0,0,0,2,0,0
"Spain","Summary",0,0,1,2,0,0,1,0.815,3,0.2,0.0804133333333334,0,0,0,0,0,1,0,0,0,1,1,2,0,0
"Sri Lanka","Q2",3,3,1,0,3,1,3,0.469,2,0.7,0.6973092,3,1,0,1,0,0,0,0,1,1,1,4,0,NA
"Sri Lanka","Q3",3,3,0,0,3,1,3,0.469,2,0.65,0.6475014,3,1,0,1,0,0,0,0,1,0,1,4,0,NA
"Sri Lanka","Q4",3,3,0,0,0,1,3,0.469,2,0.5,0.498078,3,1,0,1,0,0,0,0,1,0,1,0,0,NA
"Sri Lanka","Summary",3,3,1,0,3,1,3,0.469,2,0.7,0.6142962,3,1,0,1,0,0,0,0,1,1,1,4,0,NA
"Sudan","Q2",0,0,0,2,3,0,2,0.087,0,0.35,0.1112034,0,0,0,0,0,0,1,0,0,0,1,5,0,0
"Sudan","Q3",0,0,0,2,3,0,0,0.087,0,0.25,0.079431,0,0,0,0,0,0,0,0,0,0,1,5,0,0
"Sudan","Q4",0,0,0,2,3,0,0,0.087,0,0.25,0.079431,0,0,0,0,0,0,0,0,0,0,0,5,0,0
"Sudan","Summary",0,0,0,2,3,0,2,0.087,0,0.35,0.0900218,0,0,0,0,0,0,1,0,0,0,1,5,0,0
"Sweden","Q2",0,0,0,0,0,0,0,0.829,3,0,0,0,0,0,0,0,0,0,0,0,0,0,0,0,1
"Sweden","Q3",0,0,0,2,0,0,0,0.829,3,0.1,0.0567036,0,0,0,0,0,0,0,0,0,0,0,0,0,0
"Sweden","Q4",0,0,0,0,0,0,0,0.829,3,0,0,0,0,0,0,0,0,0,0,0,0,0,0,0,1
"Sweden","Summary",0,0,0,2,0,0,0,0.829,3,0.1,0.0189012,0,0,0,0,0,0,0,0,0,0,0,0,0,0
"Switzerland","Q2",0,0,0,0,0,0,0,0.827,3,0,0,0,0,0,0,0,0,0,0,0,0,0,0,0,1
"Switzerland","Q3",0,0,0,0,0,0,0,0.827,3,0,0,0,0,0,0,0,0,0,0,0,0,0,0,0,1
"Switzerland","Q4",0,0,0,0,0,0,0,0.827,3,0,0,0,0,0,0,0,0,0,0,0,0,0,0,0,1
"Switzerland","Summary",0,0,0,0,0,0,0,0.827,3,0,0,0,0,0,0,0,0,0,0,0,0,0,0,0,1
"Taiwan","Q2",0,0,0,0,0,0,0,0.697,3,0,0,0,0,0,0,0,0,0,0,0,0,0,0,1,1
"Taiwan","Q3",0,0,0,0,0,0,0,0.697,3,0,0,0,0,0,0,0,0,0,0,0,0,0,0,1,1
"Taiwan","Q4",0,0,0,0,0,0,0,0.697,3,0,0,0,0,0,0,0,0,0,0,0,0,0,0,1,1
"Taiwan","Summary",0,0,0,0,0,0,0,0.697,3,0,0,0,0,0,0,0,0,0,0,0,0,0,0,1,1
"Tajikistan","Q2",0,0,0,2,0,1,3,0.062,1,0.3,0.0697872,0,0,1,1,0,2,1,0,1,0,0,0,0,0
"Tajikistan","Q3",0,0,0,2,0,0,3,0.062,1,0.25,0.058156,0,0,1,1,0,2,0,0,0,0,0,0,0,0
"Tajikistan","Q4",0,0,0,2,0,0,3,0.062,1,0.25,0.058156,0,0,1,1,0,2,0,0,0,0,0,0,0,0
"Tajikistan","Summary",0,0,0,2,0,1,3,0.062,1,0.3,0.0620330666666667,0,0,1,1,0,2,1,0,1,0,0,0,0,0
"Tanzania","Q2",0,0,0,0,0,3,3,0.342,1,0.3,0.2700432,0,0,1,1,0,2,0,0,3,0,0,0,0,NA
"Tanzania","Q3",0,0,0,0,0,3,3,0.342,1,0.3,0.2700432,0,0,1,1,0,2,0,0,3,0,0,0,0,NA
"Tanzania","Q4",0,0,0,0,0,3,3,0.342,1,0.3,0.2700432,0,0,1,1,0,2,0,0,3,0,0,0,0,NA
"Tanzania","Summary",0,0,0,0,0,3,3,0.342,1,0.3,0.2700432,0,0,1,1,0,2,0,0,3,0,0,0,0,NA
"Thailand","Q2",0,0,0,0,2,0,3,0.152,0,0.25,0.128896,0,0,1,1,0,1,0,0,0,0,1,3,2,1
"Thailand","Q3",0,0,0,0,2,0,3,0.152,0,0.25,0.128896,0,0,1,1,0,1,0,0,0,0,0,3,2,1
"Thailand","Q4",0,0,0,0,2,0,3,0.152,0,0.25,0.128896,0,0,1,1,0,1,0,0,0,0,0,3,2,1
"Thailand","Summary",0,0,0,0,2,0,3,0.152,0,0.25,0.128896,0,0,1,1,0,1,0,0,0,0,1,3,2,1
"The Gambia","Q2",0,0,0,0,0,1,3,0.459,2,0.2,0.1986552,0,0,0,1,0,0,0,0,1,0,0,1,0,1
"The Gambia","Q3",0,0,0,0,0,0,0,0.459,2,0,0,0,0,0,0,0,0,0,0,0,0,0,1,0,1
"The Gambia","Q4",0,0,0,2,0,0,0,0.459,2,0.1,0.0993276,0,0,0,0,0,0,0,0,0,0,0,0,0,0
"The Gambia","Summary",0,0,0,2,0,1,3,0.459,2,0.2,0.0993276,0,0,0,1,0,0,0,0,1,0,0,1,0,0
"Togo","Q2",0,0,2,0,0,1,0,0.179,1,0.15,0.0881754,0,0,0,0,0,0,0,0,1,2,1,1,0,1
"Togo","Q3",0,0,2,0,0,2,0,0.179,1,0.2,0.1175672,0,0,0,0,0,0,0,0,2,2,1,1,0,1
"Togo","Q4",0,0,2,0,0,2,0,0.179,1,0.2,0.1175672,0,0,0,0,0,0,0,0,2,2,1,1,0,1
"Togo","Summary",0,0,2,0,0,2,0,0.179,1,0.2,0.107769933333333,0,0,0,0,0,0,0,0,2,2,1,1,0,1
"Tunisia","Q2",0,0,0,2,2,0,3,0.655,3,0.35,0.316365,0,0,0,1,0,0,0,0,0,0,1,3,0,0
"Tunisia","Q3",0,0,0,2,2,0,0,0.655,3,0.2,0.18078,0,0,0,0,0,0,0,0,0,0,0,3,0,0
"Tunisia","Q4",0,0,0,2,2,0,0,0.655,3,0.2,0.18078,0,0,0,0,0,0,0,0,0,0,0,3,0,0
"Tunisia","Summary",0,0,0,2,2,0,3,0.655,3,0.35,0.225975,0,0,0,1,0,0,0,0,0,0,1,3,0,0
"Turkey","Q2",0,0,1,2,2,1,3,0.101,1,0.45,0.1634382,0,0,1,1,0,2,1,1,1,1,0,3,0,0
"Turkey","Q3",0,0,1,2,2,2,3,0.101,1,0.5,0.181598,0,0,1,1,0,2,1,1,2,1,0,3,0,0
"Turkey","Q4",0,0,1,2,2,2,3,0.101,1,0.5,0.181598,0,0,1,1,0,2,1,1,2,1,0,3,0,0
"Turkey","Summary",0,0,1,2,2,2,3,0.101,1,0.5,0.175544733333333,0,0,1,1,0,2,1,1,2,1,0,3,0,0
"Turkmenistan","Q2",0,0,0,0,0,3,3,0.053,1,0.3,0.0602292,0,0,1,1,0,2,0,0,3,0,0,0,0,NA
"Turkmenistan","Q3",0,0,0,0,0,3,3,0.053,1,0.3,0.0602292,0,0,1,1,0,2,0,0,3,0,0,0,0,NA
"Turkmenistan","Q4",0,0,0,0,0,3,3,0.053,1,0.3,0.0602292,0,0,1,1,0,2,0,0,3,0,0,0,0,NA
"Turkmenistan","Summary",0,0,0,0,0,3,3,0.053,1,0.3,0.0602292,0,0,1,1,0,2,0,0,3,0,0,0,0,NA
"Uganda","Q2",3,0,3,2,0,1,3,0.222,1,0.6,0.4145184,3,0,1,1,0,1,0,1,1,3,1,2,0,0
"Uganda","Q3",3,0,3,2,0,1,3,0.222,1,0.6,0.4145184,3,0,1,1,0,1,0,1,1,3,1,2,0,0
"Uganda","Q4",3,0,3,2,0,0,3,0.222,1,0.55,0.3799752,3,0,1,1,0,1,0,1,0,3,1,2,0,0
"Uganda","Summary",3,0,3,2,0,1,3,0.222,1,0.6,0.403004,3,0,1,1,0,1,0,1,1,3,1,2,0,0
"Ukraine","Q2",0,0,0,0,0,0,3,0.292,1,0.15,0.1240416,0,0,0,0,0,1,0,1,0,0,1,0,0,1
"Ukraine","Q3",0,0,0,0,0,0,1,0.292,1,0.05,0.0413472,0,0,0,0,0,1,0,0,0,0,1,0,0,1
"Ukraine","Q4",0,0,0,0,0,0,1,0.292,1,0.05,0.0413472,0,0,0,0,0,1,0,0,0,0,1,0,0,1
"Ukraine","Summary",0,0,0,0,0,0,3,0.292,1,0.15,0.068912,0,0,0,0,0,1,0,1,0,0,1,0,0,1
"United Arab Emirates","Q2",0,0,0,0,0,0,3,0.091,0,0.15,0.0496314,0,0,1,1,0,0,0,0,0,0,0,0,3,NA
"United Arab Emirates","Q3",0,0,0,0,0,0,3,0.091,0,0.15,0.0496314,0,0,1,1,0,0,0,0,0,0,0,0,3,NA
"United Arab Emirates","Q4",0,0,0,0,0,0,3,0.091,0,0.15,0.0496314,0,0,1,1,0,0,0,0,0,0,0,0,3,NA
"United Arab Emirates","Summary",0,0,0,0,0,0,3,0.091,0,0.15,0.0496314,0,0,1,1,0,0,0,0,0,0,0,0,3,NA
"United Kingdom","Q2",1,0,0,0,0,0,1,0.79,3,0.1,0.06636,1,0,0,0,0,1,0,0,0,0,0,0,0,1
"United Kingdom","Q3",1,0,0,0,0,0,1,0.79,3,0.1,0.06636,1,0,0,0,0,1,0,0,0,0,0,0,0,1
"United Kingdom","Q4",1,0,0,0,0,0,2,0.79,3,0.15,0.09954,1,0,0,0,0,1,1,0,0,0,0,0,0,1
"United Kingdom","Summary",1,0,0,0,0,0,2,0.79,3,0.15,0.07742,1,0,0,0,0,1,1,0,0,0,0,0,0,1
"United States of America","Q2",0,0,0,2,0,2,2,0.7,3,0.3,0.252,0,0,0,0,0,1,1,0,2,0,0,0,0,0
"United States of America","Q3",0,0,0,2,0,2,1,0.7,3,0.25,0.21,0,0,0,0,0,1,0,0,2,0,0,0,0,0
"United States of America","Q4",0,0,0,2,0,2,1,0.7,3,0.25,0.21,0,0,0,0,0,1,0,0,2,0,0,0,0,0
"United States of America","Summary",0,0,0,2,0,2,2,0.7,3,0.3,0.224,0,0,0,0,0,1,1,0,2,0,0,0,0,0
"Uruguay","Q2",0,0,0,2,0,0,0,0.78,3,0.1,0.06864,0,0,0,0,0,0,0,0,0,0,0,2,0,0
"Uruguay","Q3",0,0,0,2,0,0,0,0.78,3,0.1,0.06864,0,0,0,0,0,0,0,0,0,0,0,2,0,0
"Uruguay","Q4",0,0,1,2,0,0,0,0.78,3,0.15,0.10296,0,0,0,0,0,0,0,0,0,1,0,2,0,0
"Uruguay","Summary",0,0,1,2,0,0,0,0.78,3,0.15,0.08008,0,0,0,0,0,0,0,0,0,1,0,2,0,0
"Uzbekistan","Q2",0,0,0,2,0,0,3,0.088,0,0.25,0.080256,0,0,1,1,0,0,0,0,0,0,1,0,0,0
"Uzbekistan","Q3",0,0,0,2,0,0,3,0.088,0,0.25,0.080256,0,0,1,1,0,0,0,0,0,0,1,0,0,0
"Uzbekistan","Q4",0,0,0,2,0,0,3,0.088,0,0.25,0.080256,0,0,1,1,0,0,0,0,0,0,1,0,0,0
"Uzbekistan","Summary",0,0,0,2,0,0,3,0.088,0,0.25,0.080256,0,0,1,1,0,0,0,0,0,0,1,0,0,0
"Venezuela","Q2",0,3,3,0,2,2,3,0.086,1,0.65,0.2043704,0,1,1,1,1,2,1,1,2,3,1,3,0,1
"Venezuela","Q3",0,3,3,0,2,2,3,0.086,1,0.65,0.2043704,0,1,1,1,1,2,1,1,2,3,1,3,0,1
"Venezuela","Q4",0,3,3,0,2,2,3,0.086,1,0.65,0.2043704,0,1,1,1,1,2,1,1,2,3,1,3,0,1
"Venezuela","Summary",0,3,3,0,2,2,3,0.086,1,0.65,0.2043704,0,1,1,1,1,2,1,1,2,3,1,3,0,1
"Vietnam","Q2",0,0,0,0,0,0,3,0.122,0,0.15,0.0642696,0,0,1,1,0,0,0,0,0,0,0,0,0,NA
"Vietnam","Q3",0,0,0,0,0,0,3,0.122,0,0.15,0.0642696,0,0,1,1,0,0,0,0,0,0,0,0,0,NA
"Vietnam","Q4",0,0,0,0,0,0,3,0.122,0,0.15,0.0642696,0,0,1,1,0,0,0,0,0,0,0,0,0,NA
"Vietnam","Summary",0,0,0,0,0,0,3,0.122,0,0.15,0.0642696,0,0,1,1,0,0,0,0,0,0,0,0,0,NA
"Zambia","Q2",0,0,1,2,3,0,0,0.274,1,0.3,0.2387088,0,0,0,0,0,0,0,0,0,1,0,4,0,0
"Zambia","Q3",0,0,0,2,3,0,0,0.274,1,0.25,0.198924,0,0,0,0,0,0,0,0,0,0,0,4,0,0
"Zambia","Q4",0,0,0,2,0,0,0,0.274,1,0.1,0.0795696,0,0,0,0,0,0,0,0,0,0,0,0,0,0
"Zambia","Summary",0,0,1,2,3,0,0,0.274,1,0.3,0.1724008,0,0,0,0,0,0,0,0,0,1,0,4,0,0
"Zimbabwe","Q2",0,0,2,2,0,0,3,0.175,1,0.35,0.202125,0,0,0,1,0,2,1,1,0,2,1,2,0,0
"Zimbabwe","Q3",0,0,2,2,0,0,3,0.175,1,0.35,0.202125,0,0,0,1,0,2,1,1,0,2,1,2,0,0
"Zimbabwe","Q4",0,0,2,2,0,0,3,0.175,1,0.35,0.202125,0,0,0,1,0,2,1,1,0,2,1,2,0,0
"Zimbabwe","Summary",0,0,2,2,0,0,3,0.175,1,0.35,0.202125,0,0,0,1,0,2,1,1,0,2,1,2,0,0
