"","country_name","Quarter","Type1","Type2","Type3","Type4","Type5","Type6","Type7","v2x_libdem","v2x_regime","pandem","panback","discrim","ndrights","merepfact","merepgov","merepoth","meinf","mevhar","mephar","govdis","pomviol","milinv","leglimit","melim","emlimit","emlaw","emname","emstart","emend","emlimitdate","emlawapp","emlegapp","legdisdate","legresdate","subvar","melimstart","melimend","misclimit"
"1","Afghanistan","Q2",0,0,0,0,0,0,3,0.212,1,0.15,0.1002336,0,0,1,1,0,0,1,0,0,0,0,0,0,NA,5,NA,NA,NA,NA,NA,NA,NA,NA,1,NA,NA,NA
"2","Afghanistan","Q3",0,0,0,0,0,0,3,0.212,1,0.15,0.1002336,0,0,1,1,0,0,1,0,0,0,0,0,0,NA,5,NA,NA,NA,NA,NA,NA,NA,NA,0,NA,NA,NA
"3","Afghanistan","Q4",0,0,0,0,0,0,3,0.212,1,0.15,0.1002336,0,0,1,1,0,0,1,0,0,0,0,0,0,NA,5,NA,NA,NA,NA,NA,NA,NA,NA,0,NA,NA,NA
"4","Albania","Q2",0,0,0,2,0,0,3,0.431,1,0.25,0.245239,0,0,0,0,1,0,0,0,0,2,1,1,0,0,3,"Constitution (Articles 100, 170, 174, point 1, and 175, point 2), LIGJ Nr. 45/2019 PËR MBROJTJEN CIVILE","2020-03-24",NA,NA,1,1,NA,NA,1,NA,NA,NA
"5","Albania","Q3",0,0,0,2,0,0,0,0.431,1,0.1,0.0980956,0,0,0,0,1,0,0,0,0,2,1,1,0,0,4,"Constitution (Article 101)","2020-03-15",NA,NA,1,1,NA,NA,0,NA,NA,NA
"6","Albania","Q4",0,0,2,2,0,0,0,0.431,1,0.2,0.1961912,0,0,0,0,1,0,0,0,0,2,1,1,0,0,4,"LIGJ Nr. 15/2016 PËR PARANDALIMIN DHE LUFTIMIN E INFEKSIONEVE DHE SËMUNDJEVE INFEKTIVE","2020-11-11",NA,NA,0,0,NA,NA,0,NA,NA,NA
"7","Algeria","Q2",0,0,1,0,0,2,3,0.119,1,0.3,0.1258068,0,0,1,1,0,1,0,0,2,1,0,2,1,1,4,"Constitution 1989 (reinst. 1996, rev. 2016), articles 99 (4), 143 (1)
-loi n° 88-07 du 7 Joumada Ethania 1408 correspondant au 26 janvier 1988 relative à l’hygiène, à la sécurité et à la médecine du travail (2)","2020-03-21",NA,"2020-06-28",0,0,NA,NA,2,NA,NA,NA
"8","Algeria","Q3",0,0,1,0,0,1,3,0.119,1,0.25,0.104839,0,0,1,1,0,1,0,0,2,1,0,2,1,1,4,"Constitution 1989 (reinst. 1996, rev. 2016), articles 99 (4), 143 (1)
-loi n° 88-07 du 7 Joumada Ethania 1408 correspondant au 26 janvier 1988 relative à l’hygiène, à la sécurité et à la médecine du travail (2)","2020-03-21",NA,"2020-09-30",0,0,NA,NA,2,NA,NA,NA
"9","Algeria","Q4",0,0,1,0,0,1,3,0.119,1,0.25,0.104839,0,0,1,1,0,1,0,0,2,1,0,2,1,1,4,"Constitution 1989 (reinst. 1996, rev. 2016), articles 99 (4), 143 (1)
-loi n° 88-07 du 7 Joumada Ethania 1408 correspondant au 26 janvier 1988 relative à l’hygiène, à la sécurité et à la médecine du travail (2)","2020-03-21",NA,"2020-12-16",0,0,NA,NA,2,NA,NA,NA
"10","Angola","Q2",0,0,2,0,0,0,3,0.23,1,0.25,0.1771,0,0,1,1,0,0,0,0,0,2,1,2,0,1,1,"Constitution Article 58 and Law nº 17/91","2020-03-27","2020-05-25","2020-05-25",1,1,NA,NA,1,NA,NA,NA
"11","Angola","Q3",0,0,2,0,0,0,3,0.23,1,0.25,0.1771,0,0,1,1,0,0,0,0,0,2,1,2,0,1,3,"Law nº 28/03 as modified by Law nº 14/20","2020-05-26",NA,"2020-10-08",0,0,NA,NA,1,NA,NA,NA
"12","Angola","Q4",0,0,2,0,0,0,3,0.23,1,0.25,0.1771,0,0,1,1,0,0,0,0,0,2,1,2,0,1,3,"Law nº 28/03 as modified by Law nº 14/20","2020-05-26",NA,"2020-12-23",0,0,NA,NA,1,NA,NA,NA
"13","Argentina","Q2",0,0,3,0,0,0,0,0.631,2,0.15,0.1397034,0,0,0,0,0,0,0,0,0,3,1,2,0,1,4,"Ley 27541 - LEY DE SOLIDARIDAD SOCIAL Y REACTIVACIÓN PRODUCTIVA EN EL MARCO DE LA EMERGENCIA PÚBLICA","2020-03-20",NA,"2020-06-28",1,1,NA,NA,0,NA,NA,NA
"14","Argentina","Q3",0,0,3,0,0,0,0,0.631,2,0.15,0.1397034,0,0,0,0,0,0,0,0,0,3,1,2,0,1,4,"Ley 27541 - LEY DE SOLIDARIDAD SOCIAL Y REACTIVACIÓN PRODUCTIVA EN EL MARCO DE LA EMERGENCIA PÚBLICA","2020-03-20",NA,"2020-09-20",1,1,NA,NA,2,NA,NA,NA
"15","Argentina","Q4",0,0,3,0,0,0,0,0.631,2,0.15,0.1397034,0,0,0,0,0,0,0,0,0,3,1,2,0,1,4,"Ley 27541 - LEY DE SOLIDARIDAD SOCIAL Y REACTIVACIÓN PRODUCTIVA EN EL MARCO DE LA EMERGENCIA PÚBLICA","2020-03-20",NA,"2020-12-20",1,1,NA,NA,2,NA,NA,NA
"16","Armenia","Q2",0,0,0,0,0,0,3,0.641,1,0.15,0.1380714,0,0,1,1,0,0,0,0,0,0,0,0,3,1,1,"Constitution (Article 120)","2020-03-16","2020-09-11","2020-09-11",1,1,NA,NA,0,"2020-03-16","2020-04-13",NA
"17","Armenia","Q3",0,0,0,0,0,0,0,0.641,1,0,0,0,0,1,1,0,0,0,0,0,0,0,0,3,1,1,"Constitution (Article 120)","2020-03-16","2020-09-11","2020-09-11",1,1,NA,NA,0,NA,NA,NA
"18","Armenia","Q4",0,0,0,0,0,0,0,0.641,1,0,0,0,0,1,1,0,0,0,0,0,0,0,0,3,1,4,"«Հայաստանի Հանրապետության բնակչության սանիտարահամաճարակային անվտանգության ապահովման մասին» ; «Արտակարգ իրավիճակներում բնակչության պաշտպանության մասին»","2020-09-11",NA,"2021-01-11",0,0,NA,NA,0,NA,NA,NA
"19","Australia","Q2",0,0,0,0,0,0,0,0.789,3,0,0,0,0,0,0,0,0,0,0,0,1,1,2,0,1,2,"Biosecurity (Human Biosecurity Emergency) (Human Coronavirus with Pandemic Potential) Declaration 2020","2020-03-18",NA,NA,0,0,NA,NA,1,NA,NA,NA
"20","Australia","Q3",0,0,1,0,0,0,0,0.789,3,0.05,0.0332958,0,0,0,0,0,0,0,0,0,1,1,2,0,1,2,"Biosecurity (Human Biosecurity Emergency) (Human Coronavirus with Pandemic Potential) Declaration 2020","2020-03-18",NA,NA,0,0,NA,NA,1,NA,NA,NA
"21","Australia","Q4",0,0,0,0,0,0,0,0.789,3,0,0,0,0,0,0,0,0,0,0,0,1,1,2,0,1,2,"Biosecurity (Human Biosecurity Emergency) (Human Coronavirus with Pandemic Potential) Declaration 2020","2020-03-18",NA,"2020-12-17",0,0,NA,NA,1,NA,NA,NA
"22","Austria","Q2",0,0,0,0,0,0,0,0.721,3,0,0,0,0,0,0,0,0,0,0,0,0,0,0,0,1,4,"Covid-19 Law","2020-03-16",NA,"2020-12-31",1,1,NA,NA,1,NA,NA,NA
"23","Austria","Q3",0,0,0,0,0,0,0,0.721,3,0,0,0,0,0,0,0,0,0,0,0,0,0,0,0,1,4,"Covid-19 Law","2020-03-16",NA,"2021-06-30",1,1,NA,NA,1,NA,NA,NA
"24","Austria","Q4",0,0,0,0,0,0,0,0.721,3,0,0,0,0,0,0,0,0,0,0,0,0,0,0,0,1,4,"Covid-19 Law","2020-03-16",NA,"2021-06-30",1,1,NA,NA,1,NA,NA,NA
"25","Azerbaijan","Q2",0,0,1,0,0,0,3,0.07,1,0.2,0.05208,0,0,1,1,1,2,0,1,0,1,0,2,0,1,4,"Sanitariya-epidemioloji salamatlıq haqqında AZƏRBAYCAN RESPUBLİKASININ QANUNU","2020-03-24",NA,"2020-08-01",0,0,NA,NA,1,NA,NA,NA
"26","Azerbaijan","Q3",0,0,0,0,0,0,3,0.07,1,0.15,0.03906,0,0,1,1,1,2,0,1,0,1,0,2,0,1,4,"Sanitariya-epidemioloji salamatlıq haqqında AZƏRBAYCAN RESPUBLİKASININ QANUNU","2020-03-24",NA,"2020-11-02",0,0,NA,NA,1,NA,NA,NA
"27","Azerbaijan","Q4",0,0,0,0,0,0,3,0.07,1,0.15,0.03906,0,0,1,1,1,2,0,1,0,1,0,2,0,1,4,"Sanitariya-epidemioloji salamatlıq haqqında AZƏRBAYCAN RESPUBLİKASININ QANUNU","2020-03-24",NA,"2020-12-28",0,0,NA,NA,1,NA,NA,NA
"28","Bangladesh","Q2",0,0,2,0,0,0,3,0.1,1,0.25,0.09,0,0,1,1,0,0,0,1,0,2,1,0,0,1,7,NA,"2020-03-26","2020-05-31","2020-05-31",NA,NA,NA,NA,1,NA,NA,NA
"29","Bangladesh","Q3",0,0,0,0,0,0,3,0.1,1,0.15,0.054,0,0,1,1,0,0,0,1,0,2,1,0,0,1,5,NA,NA,NA,NA,NA,NA,NA,NA,1,NA,NA,NA
"30","Bangladesh","Q4",0,0,0,0,0,0,3,0.1,1,0.15,0.054,0,0,1,1,0,0,0,1,0,2,1,0,0,1,5,NA,NA,NA,NA,NA,NA,NA,NA,1,NA,NA,NA
"31","Belarus","Q2",0,0,0,2,0,2,3,0.115,1,0.35,0.142485,0,0,1,1,0,2,0,0,2,0,0,0,0,0,4,"Zakon Respubliki Belarus' ot 7 yanvarya 2012 g. № 340-Z «O sanitarno-epidemiologicheskom blagopoluchii naseleniya"" (Art 7)","2020-03-25",NA,NA,0,0,NA,NA,0,NA,NA,NA
"32","Belarus","Q3",0,0,0,2,0,2,3,0.115,1,0.35,0.142485,0,0,1,1,0,2,0,0,2,0,0,0,0,0,4,"Zakon Respubliki Belarus' ot 7 yanvarya 2012 g. № 340-Z «O sanitarno-epidemiologicheskom blagopoluchii naseleniya"" (Art 7)","2020-03-25",NA,NA,0,0,NA,NA,0,NA,NA,NA
"33","Belarus","Q4",0,0,0,2,0,2,3,0.115,1,0.35,0.142485,0,0,1,1,0,2,0,0,2,0,0,0,0,0,4,"Zakon Respubliki Belarus' ot 7 yanvarya 2012 g. № 340-Z «O sanitarno-epidemiologicheskom blagopoluchii naseleniya"" (Art 7)","2020-03-25",NA,NA,0,0,NA,NA,0,NA,NA,NA
"34","Belgium","Q2",1,0,1,0,0,0,0,0.822,3,0.1,0.0585264,1,0,0,0,0,0,0,0,0,1,0,1,0,1,4,"Constitution, Article 105: Special powers","2020-03-30",NA,"2020-06-30",1,1,NA,NA,2,NA,NA,NA
"35","Belgium","Q3",1,0,0,0,0,0,0,0.822,3,0.05,0.0292632,1,0,0,0,0,0,0,0,0,1,0,1,0,1,4,"Constitution, Article 105: Special powers","2020-03-30",NA,"2020-08-31",1,0,NA,NA,2,NA,NA,NA
"36","Belgium","Q4",1,0,0,0,0,0,0,0.822,3,0.05,0.0292632,1,0,0,0,0,0,0,0,0,1,0,1,0,1,4,"Constitution, Article 105: Special powers","2020-03-30",NA,"2020-11-19",1,0,NA,NA,2,NA,NA,NA
"37","Benin","Q2",0,0,0,0,0,1,3,0.461,1,0.2,0.1987832,0,0,1,1,0,0,0,0,2,0,0,2,0,NA,5,NA,NA,NA,NA,NA,NA,NA,NA,3,NA,NA,NA
"38","Benin","Q3",0,0,0,0,0,2,3,0.461,1,0.25,0.248479,0,0,1,1,0,0,0,0,2,0,0,2,0,NA,5,NA,NA,NA,NA,NA,NA,NA,NA,0,NA,NA,NA
"39","Benin","Q4",0,0,0,0,0,2,3,0.461,1,0.25,0.248479,0,0,1,1,0,0,0,0,2,0,0,2,0,NA,5,NA,NA,NA,NA,NA,NA,NA,NA,0,NA,NA,NA
"40","Bolivia","Q2",0,0,0,0,0,0,0,0.306,1,0,0,0,0,0,0,0,0,0,0,0,0,1,2,2,1,2,"Código de Salud, aprobado por Decreto Ley Nº 15629, de 18 de julio de 1978","2020-03-17",NA,"2020-06-30",0,0,NA,NA,0,"2020-03-25","2020-05-14",NA
"41","Bolivia","Q3",0,0,0,0,0,0,0,0.306,1,0,0,0,0,0,0,0,0,0,0,0,0,1,2,2,1,2,"Código de Salud, aprobado por Decreto Ley Nº 15629, de 18 de julio de 1978","2020-03-17",NA,"2020-09-30",0,0,NA,NA,2,NA,NA,NA
"42","Bolivia","Q4",0,0,0,0,0,0,0,0.306,1,0,0,0,0,0,0,0,0,0,0,0,0,1,2,2,1,2,"Código de Salud, aprobado por Decreto Ley Nº 15629, de 18 de julio de 1978","2020-03-17","2020-11-30","2020-11-30",0,0,NA,NA,2,NA,NA,NA
"43","Bosnia and Herzegovina","Q2",3,0,0,1,0,0,3,0.345,2,0.35,0.316365,3,0,0,1,0,1,0,0,0,0,0,0,0,0,3,"Okvirni zakon o zaštiti i spašavanju ljudi i materijalnih dobara od prirodnih ili drugih nesreća u BiH","2020-03-17","2020-05-31",NA,1,1,NA,NA,3,NA,NA,NA
"44","Bosnia and Herzegovina","Q3",3,0,0,0,0,0,1,0.345,2,0.2,0.18078,3,0,0,1,0,1,0,0,0,0,0,0,0,0,6,NA,NA,NA,NA,NA,NA,NA,NA,3,NA,NA,NA
"45","Bosnia and Herzegovina","Q4",3,0,0,0,0,0,1,0.345,2,0.2,0.18078,3,0,0,1,0,1,0,0,0,0,0,0,0,0,6,NA,NA,NA,NA,NA,NA,NA,NA,3,NA,NA,NA
"46","Botswana","Q2",0,0,0,0,0,0,0,0.55,3,0,0,0,0,0,0,0,0,0,0,0,0,1,1,3,1,1,"Constitution of Botswana (Section 17)","2020-04-02","2020-10-02","2020-10-02",1,1,NA,NA,1,"2020-04-02","2020-10-02",NA
"47","Botswana","Q3",0,0,0,0,0,0,0,0.55,3,0,0,0,0,0,0,0,0,0,0,0,0,1,1,3,1,1,"Constitution of Botswana (Section 17)","2020-04-02","2021-03-28","2021-03-28",1,1,NA,NA,1,"2020-04-02","2021-03-28",NA
"48","Botswana","Q4",0,0,0,0,0,0,0,0.55,3,0,0,0,0,0,0,0,0,0,0,0,0,1,1,3,1,1,"Constitution of Botswana (Section 17)","2020-04-02","2021-03-28","2021-03-28",1,1,NA,NA,1,"2020-04-02","2021-03-28",NA
"49","Brazil","Q2",0,0,0,2,0,2,2,0.508,2,0.3,0.2999232,0,0,0,0,0,2,1,0,2,0,0,2,0,0,2,"Decree nº 7616 from November 17, 2011","2020-02-03",NA,NA,0,0,NA,NA,3,NA,NA,NA
"50","Brazil","Q3",0,0,0,2,0,2,2,0.508,2,0.3,0.2999232,0,0,0,0,0,2,1,0,2,0,0,2,0,0,2,"Decree nº 7616 from November 17, 2011","2020-02-03",NA,NA,0,0,NA,NA,3,NA,NA,NA
"51","Brazil","Q4",0,0,0,2,0,2,2,0.508,2,0.3,0.2999232,0,0,0,0,0,2,1,0,2,0,0,2,0,0,2,"Decree nº 7616 from November 17, 2011","2020-02-03",NA,NA,0,0,NA,NA,3,NA,NA,NA
"52","Bulgaria","Q2",3,0,0,0,0,0,1,0.488,2,0.2,0.1998848,3,0,0,0,0,1,0,0,0,0,0,2,0,1,1,"Constitution (Article 84, point 12)","2020-03-13","2020-05-13","2020-05-13",1,1,NA,NA,1,NA,NA,NA
"53","Bulgaria","Q3",2,0,0,0,0,0,0,0.488,2,0.1,0.0999424,3,0,0,0,0,1,0,0,0,0,0,2,0,1,2,"Zakon za zdraveto (Health Law)","2020-05-14",NA,"2020-09-30",0,0,NA,NA,0,NA,NA,NA
"54","Bulgaria","Q4",0,0,0,0,0,0,0,0.488,2,0,0,3,0,0,0,0,1,0,0,0,0,0,2,0,1,2,"Zakon za zdraveto (Health Law)","2020-05-14",NA,"2021-01-31",0,0,NA,NA,0,NA,NA,NA
"55","Burkina Faso","Q2",0,0,1,1,0,0,0,0.273,1,0.1,0.0793884,0,0,0,0,0,0,0,0,0,1,1,2,0,0,2,"Public Health Code (1996), article 66 (1)","2020-03-27","2020-05-05",NA,0,0,NA,NA,2,NA,NA,NA
"56","Burkina Faso","Q3",0,0,0,0,0,0,0,0.273,1,0,0,0,0,0,0,0,0,0,0,0,1,1,2,0,0,4,"Constitution 1991, article 107, special powers to rule by Ordinance","2020-05-05","2020-08-05","2020-08-05",1,1,NA,NA,0,NA,NA,NA
"57","Burkina Faso","Q4",0,0,0,0,0,0,0,0.273,1,0,0,0,0,0,0,0,0,0,0,0,1,1,2,0,0,5,NA,NA,NA,NA,NA,NA,NA,NA,0,NA,NA,NA
"58","Burma/Myanmar","Q2",1,0,1,0,0,0,3,0.246,1,0.25,0.185484,1,0,1,1,1,2,0,1,0,1,1,0,0,NA,5,NA,NA,NA,NA,NA,NA,NA,NA,2,NA,NA,NA
"59","Burma/Myanmar","Q3",1,0,1,0,0,0,3,0.246,1,0.25,0.185484,1,0,1,1,1,2,0,1,0,1,1,0,0,NA,5,NA,NA,NA,NA,NA,NA,NA,NA,2,NA,NA,NA
"60","Burma/Myanmar","Q4",1,0,1,0,0,0,3,0.246,1,0.25,0.185484,1,0,1,1,1,2,0,1,0,1,1,0,0,NA,5,NA,NA,NA,NA,NA,NA,NA,NA,2,NA,NA,NA
"61","Burundi","Q2",0,0,0,0,0,2,3,0.059,1,0.25,0.055519,0,0,1,1,0,2,0,0,2,0,0,0,0,NA,5,NA,NA,NA,NA,NA,NA,NA,NA,0,NA,NA,NA
"62","Burundi","Q3",0,0,0,0,0,0,3,0.059,1,0.15,0.0333114,0,0,1,1,0,2,0,0,2,0,0,0,0,NA,5,NA,NA,NA,NA,NA,NA,NA,NA,0,NA,NA,NA
"63","Burundi","Q4",0,0,0,0,0,0,3,0.059,1,0.15,0.0333114,0,0,1,1,0,2,0,0,2,0,0,0,0,NA,5,NA,NA,NA,NA,NA,NA,NA,NA,0,NA,NA,NA
"64","Cambodia","Q2",0,0,0,0,0,0,3,0.088,1,0.15,0.0481536,0,0,1,1,0,1,0,0,0,0,0,0,0,NA,5,NA,NA,NA,NA,NA,NA,NA,NA,0,NA,NA,NA
"65","Cambodia","Q3",0,0,0,0,0,0,3,0.088,1,0.15,0.0481536,0,0,1,1,0,1,0,0,0,0,0,0,0,NA,5,NA,NA,NA,NA,NA,NA,NA,NA,0,NA,NA,NA
"66","Cambodia","Q4",0,0,0,0,0,0,3,0.088,1,0.15,0.0481536,0,0,1,1,0,1,0,0,0,0,0,0,0,NA,5,NA,NA,NA,NA,NA,NA,NA,NA,0,NA,NA,NA
"67","Cameroon","Q2",0,0,2,0,0,1,3,0.145,1,0.3,0.14877,0,0,1,1,0,2,0,0,2,2,0,1,0,NA,5,NA,NA,NA,NA,NA,NA,NA,NA,0,NA,NA,NA
"68","Cameroon","Q3",0,0,2,0,0,2,3,0.145,1,0.35,0.173565,0,0,1,1,0,2,0,0,2,2,0,1,0,NA,5,NA,NA,NA,NA,NA,NA,NA,NA,0,NA,NA,NA
"69","Cameroon","Q4",0,0,2,0,0,2,3,0.145,1,0.35,0.173565,0,0,1,1,0,2,0,0,2,2,0,1,0,NA,5,NA,NA,NA,NA,NA,NA,NA,NA,0,NA,NA,NA
"70","Canada","Q2",0,0,0,0,0,0,0,0.776,3,0,0,0,0,0,0,0,0,0,0,0,0,0,0,0,NA,6,NA,NA,NA,NA,NA,NA,NA,NA,2,NA,NA,NA
"71","Canada","Q3",0,0,0,0,0,0,0,0.776,3,0,0,0,0,0,0,0,0,0,0,0,0,0,0,0,NA,6,NA,NA,NA,NA,NA,NA,NA,NA,2,NA,NA,NA
"72","Canada","Q4",0,0,0,0,0,0,0,0.776,3,0,0,0,0,0,0,0,0,0,0,0,0,0,0,0,NA,6,NA,NA,NA,NA,NA,NA,NA,NA,2,NA,NA,NA
"73","Central African Republic","Q2",0,0,0,0,0,1,3,0.213,1,0.2,0.1341048,0,0,1,1,0,1,0,0,2,0,0,2,0,NA,5,NA,NA,NA,NA,NA,NA,NA,NA,0,NA,NA,NA
"74","Central African Republic","Q3",0,0,0,0,0,2,3,0.213,1,0.25,0.167631,0,0,1,1,0,1,0,0,2,0,0,2,0,NA,5,NA,NA,NA,NA,NA,NA,NA,NA,0,NA,NA,NA
"75","Central African Republic","Q4",0,0,0,0,0,2,3,0.213,1,0.25,0.167631,0,0,1,1,0,1,0,0,2,0,0,2,0,NA,5,NA,NA,NA,NA,NA,NA,NA,NA,0,NA,NA,NA
"76","Chad","Q2",0,0,1,0,0,1,3,0.11,1,0.25,0.0979,0,0,1,1,1,1,1,1,2,1,1,2,0,1,1,"Constitution (2018) Articles 96, 97, 127, 130.
Order 044 (Ordonnance n° 44 du 27 octobre 1962 relative à l'état d'urgence).","2020-04-25",NA,"2020-05-16",1,1,NA,NA,2,NA,NA,NA
"77","Chad","Q3",0,0,1,0,0,2,3,0.11,1,0.3,0.11748,0,0,1,1,1,1,1,1,2,1,1,2,0,1,1,"Constitution (2018) Articles 96, 97, 127, 130.
Order 044 (Ordonnance n° 44 du 27 octobre 1962 relative à l'état d'urgence).","2020-04-25",NA,"2020-10-17",1,1,NA,NA,2,NA,NA,NA
"78","Chad","Q4",0,0,1,0,0,2,3,0.11,1,0.3,0.11748,0,0,1,1,1,1,1,1,2,1,1,2,0,1,1,"Constitution (2018) Articles 96, 97, 127, 130.
Order 044 (Ordonnance n° 44 du 27 octobre 1962 relative à l'état d'urgence).","2020-04-25",NA,"2021-03-10",1,1,NA,NA,2,NA,NA,NA
"79","Chile","Q2",0,0,2,0,0,0,0,0.762,3,0.1,0.0725424,0,0,0,0,0,0,0,0,0,2,1,2,0,1,3,"Constitution Articles 19, 32, 39, 41 and 43 and Law nº 18415 (Ley Organica Constitucional de los Estados de Excepcion)","2020-03-19",NA,"2020-09-15",0,0,NA,NA,2,NA,NA,NA
"80","Chile","Q3",0,0,2,0,0,0,0,0.762,3,0.1,0.0725424,0,0,0,0,0,0,0,0,0,2,1,2,0,1,3,"Constitution Articles 19, 32, 39, 41 and 43 and Law nº 18415 (Ley Organica Constitucional de los Estados de Excepcion)","2020-03-19",NA,"2020-12-15",0,0,NA,NA,2,NA,NA,NA
"81","Chile","Q4",0,0,2,0,0,0,0,0.762,3,0.1,0.0725424,0,0,0,0,0,0,0,0,0,2,1,2,0,1,3,"Constitution Articles 19, 32, 39, 41 and 43 and Law nº 18415 (Ley Organica Constitucional de los Estados de Excepcion)","2020-03-19",NA,"2020-12-15",0,0,NA,NA,2,NA,NA,NA
"82","China","Q2",1,0,0,2,0,0,3,0.05,0,0.3,0.057,1,0,1,1,0,2,1,0,1,0,1,0,1,0,6,"Emergency Response Law of the People's Republic of China","2020-01-24",NA,NA,1,1,NA,NA,3,NA,NA,NA
"83","China","Q3",1,0,0,2,0,0,3,0.05,0,0.3,0.057,1,0,1,1,0,2,1,0,1,0,1,0,1,0,6,"Emergency Response Law of the People's Republic of China","2020-01-24",NA,NA,1,1,NA,NA,3,NA,NA,NA
"84","China","Q4",1,0,0,2,0,1,3,0.05,0,0.35,0.0665,1,0,1,1,0,2,1,0,1,0,1,0,1,0,6,"Emergency Response Law of the People's Republic of China","2020-01-24",NA,NA,1,1,NA,NA,3,NA,NA,NA
"85","Colombia","Q2",0,0,2,0,0,0,0,0.503,2,0.1,0.0999964,0,0,0,0,0,0,0,0,0,2,1,2,0,1,1,"Constitution Article 215 and Law 137 from 1994","2020-03-17","2020-06-05","2020-06-05",0,0,NA,NA,2,NA,NA,NA
"86","Colombia","Q3",0,0,2,0,0,0,0,0.503,2,0.1,0.0999964,0,0,0,0,0,0,0,0,0,2,1,2,0,1,2,"Ley 1753 de 2015, Article 69, and Decreto Ley 4107 de 2011, Article 2","2020-03-12",NA,"2020-11-30",0,0,NA,NA,2,NA,NA,NA
"87","Colombia","Q4",0,0,2,0,0,0,0,0.503,2,0.1,0.0999964,0,0,0,0,0,0,0,0,0,2,1,2,0,1,2,"Ley 1753 de 2015, Article 69, and Decreto Ley 4107 de 2011, Article 2","2020-03-12",NA,"2021-02-28",0,0,NA,NA,2,NA,NA,NA
"88","Costa Rica","Q2",0,0,1,2,0,0,0,0.816,3,0.15,0.0900864,0,0,0,0,0,0,0,0,0,1,0,2,0,0,1,"Ley Nacional de Emergencias y Prevención del Riesgo (Ley 8488 del 22 de noviembre de 2005)","2020-03-16",NA,NA,0,0,NA,NA,1,NA,NA,NA
"89","Costa Rica","Q3",0,0,0,2,0,0,0,0.816,3,0.1,0.0600576,0,0,0,0,0,0,0,0,0,1,0,2,0,0,1,"Ley Nacional de Emergencias y Prevención del Riesgo (Ley 8488 del 22 de noviembre de 2005)","2020-03-16",NA,NA,0,0,NA,NA,1,NA,NA,NA
"90","Costa Rica","Q4",0,0,0,2,0,0,0,0.816,3,0.1,0.0600576,0,0,0,0,0,0,0,0,0,1,0,2,0,0,1,"Ley Nacional de Emergencias y Prevención del Riesgo (Ley 8488 del 22 de noviembre de 2005)","2020-03-16",NA,NA,0,0,NA,NA,1,NA,NA,NA
"91","Croatia","Q2",0,3,1,2,0,0,0,0.545,2,0.3,0.29757,0,1,0,0,0,0,0,0,0,1,0,2,0,0,4,"Zakon o sustavu civilne zaštite","2020-03-19",NA,NA,0,0,NA,NA,0,NA,NA,NA
"92","Croatia","Q3",0,3,1,0,0,0,0,0.545,2,0.2,0.19838,0,1,0,0,0,0,0,0,0,1,0,2,0,0,4,"Zakon o sustavu civilne zaštite","2020-03-19",NA,"2020-10-07",0,0,NA,NA,1,NA,NA,NA
"93","Croatia","Q4",0,3,1,0,0,0,0,0.545,2,0.2,0.19838,0,1,0,0,0,0,0,0,0,1,0,2,0,0,4,"Zakon o sustavu civilne zaštite","2020-03-19",NA,"2020-12-15",0,0,NA,NA,1,NA,NA,NA
"94","Cuba","Q2",0,0,1,2,0,0,3,0.09,0,0.3,0.09828,0,0,1,1,0,0,0,0,0,1,0,2,0,0,4,"Decreto 139 de 22 de febrero de 1988 “Reglamento de la Ley de la Salud Pública”","2020-05-12",NA,NA,0,0,NA,NA,2,NA,NA,NA
"95","Cuba","Q3",0,0,1,2,0,0,3,0.09,0,0.3,0.09828,0,0,1,1,0,0,0,0,0,1,0,2,0,0,4,"Decreto 139 de 22 de febrero de 1988 “Reglamento de la Ley de la Salud Pública”","2020-05-12",NA,NA,0,0,NA,NA,2,NA,NA,NA
"96","Cuba","Q4",0,0,1,2,0,0,3,0.09,0,0.3,0.09828,0,0,1,1,0,0,0,0,0,1,0,2,0,0,4,"Decreto 139 de 22 de febrero de 1988 “Reglamento de la Ley de la Salud Pública”","2020-05-12",NA,NA,0,0,NA,NA,2,NA,NA,NA
"97","Czech Republic","Q2",0,0,0,2,0,0,1,0.697,2,0.15,0.1267146,0,0,0,0,0,1,0,0,0,0,1,2,0,0,1,"Constitutional Act No. 110/1998","2020-03-13",NA,NA,1,1,NA,NA,1,NA,NA,NA
"98","Czech Republic","Q3",0,0,0,2,0,0,1,0.697,2,0.15,0.1267146,0,0,0,0,0,1,0,0,0,0,1,2,0,0,4,"Zákon č. 258/2000 Sb.","2020-03-04",NA,NA,0,0,NA,NA,0,NA,NA,NA
"99","Czech Republic","Q4",0,0,0,2,0,0,1,0.697,2,0.15,0.1267146,0,0,0,0,0,1,0,0,0,0,1,2,0,0,1,"Constitutional Act No. 110/1998","2020-10-05",NA,NA,1,1,NA,NA,0,NA,NA,NA
"100","Democratic Republic of the Congo","Q2",0,0,2,0,3,1,3,0.139,1,0.45,0.2154222,0,0,1,1,1,0,0,1,2,2,0,4,0,1,1,"Constitution (2005), articles 85, 86, 144, 145.","2020-03-25",NA,"2020-06-20",1,1,"2020-03-18","2020-04-05",2,NA,NA,NA
"101","Democratic Republic of the Congo","Q3",0,0,1,0,0,2,3,0.139,1,0.3,0.1436148,0,0,1,1,1,0,0,1,2,2,0,4,0,1,1,"Constitution (2005), articles 85, 86, 144, 145.","2020-03-25","2020-07-22","2020-07-22",1,1,NA,NA,2,NA,NA,NA
"102","Democratic Republic of the Congo","Q4",0,0,1,0,0,2,3,0.139,1,0.3,0.1436148,0,0,1,1,1,0,0,1,2,2,0,4,0,1,5,NA,NA,NA,NA,NA,NA,NA,NA,0,NA,NA,NA
"103","Denmark","Q2",0,0,0,0,0,0,0,0.858,3,0,0,0,0,0,0,0,0,0,0,0,0,0,0,0,1,4,"Act no. 133 of 12 March 2020 amending the Danish on Measures against Infectious and Other Communicable Diseases (Expansion of measures to prevent and contain contamination and to secure capacity resources, etc.)","2020-03-17",NA,"2021-03-31",1,1,NA,NA,0,NA,NA,NA
"104","Denmark","Q3",0,0,0,0,0,0,0,0.858,3,0,0,0,0,0,0,0,0,0,0,0,0,0,0,0,1,4,"Act no. 133 of 12 March 2020 amending the Danish on Measures against Infectious and Other Communicable Diseases (Expansion of measures to prevent and contain contamination and to secure capacity resources, etc.)","2020-03-17",NA,"2021-03-31",1,1,NA,NA,1,NA,NA,NA
"105","Denmark","Q4",0,0,0,0,0,0,0,0.858,3,0,0,0,0,0,0,0,0,0,0,0,0,0,0,0,1,4,"Act no. 133 of 12 March 2020 amending the Danish on Measures against Infectious and Other Communicable Diseases (Expansion of measures to prevent and contain contamination and to secure capacity resources, etc.)","2020-03-17",NA,"2021-03-31",1,1,NA,NA,0,NA,NA,NA
"106","Dominican Republic","Q2",0,0,0,0,0,0,0,0.322,2,0,0,0,0,0,0,0,0,0,0,0,0,1,0,0,1,1,"Constitution Article 262 and Law nº 21-18","2020-03-19","2020-07-01","2020-07-01",1,1,NA,NA,0,NA,NA,NA
"107","Dominican Republic","Q3",0,0,0,0,0,0,0,0.322,2,0,0,0,0,0,0,0,0,0,0,0,0,1,0,0,1,1,"Constitution Article 262 and Law nº 21-18","2020-07-20",NA,"2020-10-18",1,1,NA,NA,0,NA,NA,NA
"108","Dominican Republic","Q4",0,0,0,0,0,0,0,0.322,2,0,0,0,0,0,0,0,0,0,0,0,0,1,0,0,1,1,"Constitution Article 262 and Law nº 21-18","2020-07-20",NA,"2021-01-16",1,1,NA,NA,0,NA,NA,NA
"109","Ecuador","Q2",0,0,2,0,0,0,0,0.502,2,0.1,0.0999984,0,0,0,0,0,0,0,1,0,2,1,2,0,1,1,"Ley de Seguridad Publica y Del Estado","2020-03-16",NA,"2020-06-15",0,0,NA,NA,2,NA,NA,NA
"110","Ecuador","Q3",0,0,2,0,0,0,0,0.502,2,0.1,0.0999984,0,0,0,0,0,0,0,1,0,2,1,2,0,1,1,"Ley de Seguridad Publica y Del Estado","2020-03-16","2020-09-13","2020-09-13",0,0,NA,NA,2,NA,NA,NA
"111","Ecuador","Q4",0,0,0,0,0,0,3,0.502,2,0.15,0.1499976,0,0,0,0,0,0,0,1,0,2,1,2,0,1,5,NA,NA,NA,NA,NA,NA,NA,NA,2,NA,NA,NA
"112","Egypt","Q2",0,3,1,0,0,0,3,0.126,1,0.35,0.1541736,0,1,1,1,0,2,0,1,0,1,0,0,2,1,1,"The Emergency Law no. 162/1958","2020-04-28","2020-07-28","2020-07-28",1,1,"2020-03-23","2020-04-29",0,NA,NA,NA
"113","Egypt","Q3",0,3,1,0,0,0,3,0.126,1,0.35,0.1541736,0,1,1,1,0,2,0,1,0,1,0,0,2,1,1,"The Emergency Law no. 162/1958","2020-04-28","2020-07-28","2020-07-28",1,1,NA,NA,0,NA,NA,NA
"114","Egypt","Q4",0,3,0,0,0,0,3,0.126,1,0.3,0.1321488,0,1,1,1,0,2,0,1,0,1,0,0,2,1,1,"The Emergency Law no. 162/1958","2020-07-28","2021-01-28","2021-01-28",1,1,NA,NA,0,NA,NA,NA
"115","El Salvador","Q2",0,3,2,0,2,1,3,0.437,2,0.55,0.5412682,0,1,1,1,1,2,1,0,1,2,1,3,2,1,1,"Ley de Protección Civil, Prevención y Mitigación de Desastres (Chapter II), Constitution (Articles 29 and 30)","2020-03-14","2020-06-15","2020-06-15",1,1,NA,NA,0,"2020-03-29","2020-03-31",NA
"116","El Salvador","Q3",0,3,2,0,0,1,3,0.437,2,0.45,0.4428558,0,1,1,1,1,2,1,0,1,2,1,3,2,1,5,NA,NA,NA,NA,NA,NA,NA,NA,0,NA,NA,NA
"117","El Salvador","Q4",0,3,2,0,0,1,3,0.437,2,0.45,0.4428558,0,1,1,1,1,2,1,0,1,2,1,3,2,1,5,NA,NA,NA,NA,NA,NA,NA,NA,0,NA,NA,NA
"118","Eritrea","Q2",0,3,0,0,0,0,3,0.012,0,0.3,0.0142272,0,1,1,1,1,0,0,0,0,0,1,0,0,NA,5,NA,NA,NA,NA,NA,NA,NA,NA,0,NA,NA,NA
"119","Eritrea","Q3",0,3,0,0,0,0,3,0.012,0,0.3,0.0142272,0,1,1,1,1,0,0,0,0,0,1,0,0,NA,5,NA,NA,NA,NA,NA,NA,NA,NA,0,NA,NA,NA
"120","Eritrea","Q4",0,3,0,0,0,0,3,0.012,0,0.3,0.0142272,0,1,1,1,1,0,0,0,0,0,1,0,0,NA,5,NA,NA,NA,NA,NA,NA,NA,NA,0,NA,NA,NA
"121","Ethiopia","Q2",0,0,0,0,2,0,2,0.176,1,0.2,0.1160192,0,0,0,0,0,0,1,0,0,0,0,3,2,1,1,"Constitution of Ethiopia (Section 93)","2020-04-08","2020-09-08","2020-09-08",1,1,NA,NA,2,"2020-04-08","2020-09-08",NA
"122","Ethiopia","Q3",0,0,0,0,2,0,0,0.176,1,0.1,0.0580096,0,0,0,0,0,0,1,0,0,0,0,3,2,1,1,"Constitution of Ethiopia (Section 93)","2020-04-08","2020-09-08","2020-09-08",1,1,NA,NA,2,"2020-04-08","2020-09-08",NA
"123","Ethiopia","Q4",0,0,0,0,0,0,0,0.176,1,0,0,0,0,0,0,0,0,1,0,0,0,0,3,2,1,6,NA,NA,NA,NA,NA,NA,NA,NA,0,"2020-04-08","2020-09-08",NA
"124","Finland","Q2",0,0,0,0,0,0,0,0.813,3,0,0,0,0,0,0,0,0,0,0,0,0,0,0,0,1,1,"Emergency Powers Act","2020-03-16","2020-06-16","2020-06-16",1,1,NA,NA,0,NA,NA,NA
"125","Finland","Q3",0,0,0,0,0,0,0,0.813,3,0,0,0,0,0,0,0,0,0,0,0,0,0,0,0,1,4,"Communicable Disease Act","2020-06-16",NA,"2020-10-01",1,1,NA,NA,0,NA,NA,NA
"126","Finland","Q4",0,0,0,0,0,0,0,0.813,3,0,0,0,0,0,0,0,0,0,0,0,0,0,0,0,1,4,"Communicable Disease Act","2020-06-16",NA,"2020-12-15",1,1,NA,NA,1,NA,NA,NA
"127","France","Q2",1,0,1,0,0,0,0,0.783,3,0.1,0.0679644,1,0,0,0,0,0,0,0,0,1,0,2,0,1,2,"Public Health Code (updated on March 2020 to adjust to states of health emergency)","2020-03-23","2020-07-10","2020-07-24",1,1,NA,NA,1,NA,NA,NA
"128","France","Q3",1,0,1,0,0,0,0,0.783,3,0.1,0.0679644,1,0,0,0,0,0,0,0,0,1,0,2,0,1,4,"Constitution;  decision of the Constitutional Council n ° 2020-803 DC of July 9, 2020","2020-07-11","2020-10-16","2020-10-30",1,1,NA,NA,1,NA,NA,NA
"129","France","Q4",1,0,1,0,0,0,0,0.783,3,0.1,0.0679644,1,0,0,0,0,0,0,0,0,1,0,2,0,1,2,"Public Health Code (updated on March 2020 to adjust to states of health emergency)","2020-10-17",NA,"2021-02-16",1,1,NA,NA,1,NA,NA,NA
"130","Gabon","Q2",0,0,0,0,0,1,3,0.2,1,0.2,0.128,0,0,0,1,1,2,0,0,2,0,0,2,0,1,1,"Constitution, article 25 on the state of emergency (from April 10 till May 11)","2020-04-10","2020-05-11","2020-04-25",1,1,NA,NA,1,NA,NA,NA
"131","Gabon","Q3",0,0,0,0,0,2,3,0.2,1,0.25,0.16,0,0,0,1,1,2,0,0,2,0,0,2,0,1,4,"Constitution, article 47 (pertenant to the new law that gives the government similar powers as a state of emergency after May 11)","2020-05-11",NA,"2020-06-26",1,1,NA,NA,1,NA,NA,NA
"132","Gabon","Q4",0,0,0,0,0,2,3,0.2,1,0.25,0.16,0,0,0,1,1,2,0,0,2,0,0,2,0,1,4,"Constitution, article 47 (pertenant to the new law that gives the government similar powers as a state of emergency after May 11)","2020-05-11",NA,"2020-12-14",1,1,NA,NA,1,NA,NA,NA
"133","Georgia","Q2",1,0,0,0,0,0,1,0.504,2,0.1,0.0999936,1,0,0,0,0,1,0,0,0,0,1,2,0,1,1,"Constitution (Article 71(3) and (4)),  Law on State of Emergency (Article 2(3))","2020-03-21","2020-05-22","2020-05-22",1,1,NA,NA,1,NA,NA,NA
"134","Georgia","Q3",0,0,0,0,0,0,0,0.504,2,0,0,1,0,0,0,0,1,0,0,0,0,1,2,0,1,4,"„საზოგადოებრივი ჯანმრთელობის შესახებ“ საქართველოს კანონის (Law of Georgia on Public Health)","2020-05-23",NA,"2021-01-01",0,0,NA,NA,1,NA,NA,NA
"135","Georgia","Q4",0,0,0,0,0,0,0,0.504,2,0,0,1,0,0,0,0,1,0,0,0,0,1,2,0,1,4,"„საზოგადოებრივი ჯანმრთელობის შესახებ“ საქართველოს კანონის (Law of Georgia on Public Health)","2020-05-23",NA,"2021-01-01",0,0,NA,NA,1,NA,NA,NA
"136","Germany","Q2",0,0,0,0,0,0,0,0.779,3,0,0,0,0,0,0,0,0,0,0,0,0,0,0,0,NA,6,NA,NA,NA,NA,NA,NA,NA,NA,2,NA,NA,NA
"137","Germany","Q3",0,0,0,0,0,0,0,0.779,3,0,0,0,0,0,0,0,0,0,0,0,0,0,0,0,NA,6,NA,NA,NA,NA,NA,NA,NA,NA,2,NA,NA,NA
"138","Germany","Q4",0,0,0,0,0,0,0,0.779,3,0,0,0,0,0,0,0,0,0,0,0,0,0,0,0,NA,6,NA,NA,NA,NA,NA,NA,NA,NA,2,NA,NA,NA
"139","Ghana","Q2",0,0,1,0,2,0,3,0.608,3,0.3,0.2860032,0,0,0,1,1,1,1,1,0,1,1,3,0,1,4,"The Imposition of Restrictions Act (Act 1012)","2020-03-23","2020-06-15","2020-06-15",0,0,NA,NA,2,NA,NA,NA
"140","Ghana","Q3",0,0,0,0,2,0,0,0.608,3,0.1,0.0953344,0,0,0,1,1,1,1,1,0,1,1,3,0,1,4,"The Imposition of Restrictions Act (Act 1012)","2020-03-23","2020-12-20","2020-12-20",0,0,NA,NA,0,NA,NA,NA
"141","Ghana","Q4",0,0,0,0,2,0,0,0.608,3,0.1,0.0953344,0,0,0,1,1,1,1,1,0,1,1,3,0,1,4,"The Imposition of Restrictions Act (Act 1012)","2020-03-23","2020-12-20","2020-12-20",0,0,NA,NA,0,NA,NA,NA
"142","Greece","Q2",3,0,1,0,0,0,1,0.762,2,0.25,0.181356,3,0,0,0,0,1,1,1,0,1,0,1,0,1,4,"Constitution, art 44, ''Act of Legislative order'' (1)
1. Under extraordinary circumstances of an urgent and unforeseeable need, the President of the Republic may, upon the proposal of the Cabinet, issue acts of legislative content. Such acts shall be submitted to Parliament for ratification, as specified in the provisions of article 72 paragraph 1, within forty days of their issuance or within forty days from the convocation of a parliamentary session. Should such acts not be submitted to Parliament within the above time-limits or if they should not be ratified by Parliament within three months of their submission, they will henceforth cease to be in force.","2020-03-23",NA,"2020-05-04",1,1,NA,NA,0,NA,NA,NA
"143","Greece","Q3",3,0,1,0,0,0,1,0.762,2,0.25,0.181356,3,0,0,0,0,1,1,1,0,1,0,1,0,1,4,"Constitution, art 44, ''Act of Legislative order'' (1)
1. Under extraordinary circumstances of an urgent and unforeseeable need, the President of the Republic may, upon the proposal of the Cabinet, issue acts of legislative content. Such acts shall be submitted to Parliament for ratification, as specified in the provisions of article 72 paragraph 1, within forty days of their issuance or within forty days from the convocation of a parliamentary session. Should such acts not be submitted to Parliament within the above time-limits or if they should not be ratified by Parliament within three months of their submission, they will henceforth cease to be in force.","2020-03-23",NA,NA,1,1,NA,NA,1,NA,NA,NA
"144","Greece","Q4",3,0,1,0,0,0,3,0.762,2,0.35,0.2538984,3,0,0,0,0,1,1,1,0,1,0,1,0,1,4,"Constitution, art 44, ''Act of Legislative order'' (1)
1. Under extraordinary circumstances of an urgent and unforeseeable need, the President of the Republic may, upon the proposal of the Cabinet, issue acts of legislative content. Such acts shall be submitted to Parliament for ratification, as specified in the provisions of article 72 paragraph 1, within forty days of their issuance or within forty days from the convocation of a parliamentary session. Should such acts not be submitted to Parliament within the above time-limits or if they should not be ratified by Parliament within three months of their submission, they will henceforth cease to be in force.","2020-03-23",NA,"2020-12-14",1,1,NA,NA,0,NA,NA,NA
"145","Guatemala","Q2",0,0,1,0,0,1,3,0.396,2,0.25,0.239184,0,0,0,0,0,2,1,1,1,1,1,2,0,1,3,"Constitution Articles 138, 139 and 183f and Decree nº 7 (Ley de Orden Publico)","2020-03-06",NA,"2020-06-28",1,1,NA,NA,0,NA,NA,NA
"146","Guatemala","Q3",0,0,0,0,0,1,3,0.396,2,0.2,0.1913472,0,0,0,0,0,2,1,1,1,1,1,2,0,1,3,"Constitution Articles 138, 139 and 183f and Decree nº 7 (Ley de Orden Publico)","2020-03-06",NA,"2020-10-05",1,1,NA,NA,0,NA,NA,NA
"147","Guatemala","Q4",0,0,0,0,0,1,3,0.396,2,0.2,0.1913472,0,0,0,0,0,2,1,1,1,1,1,2,0,1,3,"Constitution Articles 138, 139 and 183f and Decree nº 7 (Ley de Orden Publico)","2020-03-06","2020-10-05","2020-10-05",1,1,NA,NA,0,NA,NA,NA
"148","Guinea","Q2",0,0,2,0,0,0,3,0.166,1,0.25,0.138444,0,0,0,0,0,0,1,1,0,2,1,2,0,1,1,"Constitution (2010), article 90;
Loi organique No. L/1991/016 du 1991 relative à l'état d'urgence et a l'état de siège","2020-03-27",NA,"2020-06-15",1,1,NA,NA,1,NA,NA,NA
"149","Guinea","Q3",0,0,2,0,0,0,0,0.166,1,0.1,0.0553776,0,0,0,0,0,0,1,1,0,2,1,2,0,1,1,"Constitution (2010), article 90;
Loi organique No. L/1991/016 du 1991 relative à l'état d'urgence et a l'état de siège","2020-03-27",NA,"2020-09-16",1,1,NA,NA,1,NA,NA,NA
"150","Guinea","Q4",0,0,2,0,0,0,0,0.166,1,0.1,0.0553776,0,0,0,0,0,0,1,1,0,2,1,2,0,1,1,"Constitution (2010), article 90;
Loi organique No. L/1991/016 du 1991 relative à l'état d'urgence et a l'état de siège","2020-03-27",NA,"2020-12-16",1,1,NA,NA,1,NA,NA,NA
"151","Haiti","Q2",0,0,1,0,3,0,3,0.239,1,0.35,0.2546306,0,0,1,1,0,2,1,1,0,1,0,5,0,1,2,"'ARRETE DU 19 MARS 2020 DECLARANT L'ETAT D'URGENCE SANITAIRE SUR TOUTE L'ETENDUE DU TERRITOIRE''","2020-03-19",NA,"2020-05-19",1,0,NA,NA,0,NA,NA,NA
"152","Haiti","Q3",0,0,1,0,3,0,3,0.239,1,0.35,0.2546306,0,0,1,1,0,2,1,1,0,1,0,5,0,1,2,"'ARRETE DU 19 MARS 2020 DECLARANT L'ETAT D'URGENCE SANITAIRE SUR TOUTE L'ETENDUE DU TERRITOIRE''","2020-03-19","2020-07-20","2020-07-20",1,0,NA,NA,0,NA,NA,NA
"153","Haiti","Q4",0,0,1,0,3,0,3,0.239,1,0.35,0.2546306,0,0,1,1,0,2,1,1,0,1,0,5,0,1,5,NA,NA,NA,NA,NA,NA,NA,NA,0,NA,NA,NA
"154","Honduras","Q2",0,0,2,0,0,0,3,0.195,1,0.25,0.156975,0,0,1,1,1,1,0,0,0,2,1,2,2,1,4,"Constitution Article 187","2020-03-16",NA,"2020-06-28",1,1,NA,NA,2,"2020-03-16","2020-03-21",NA
"155","Honduras","Q3",0,0,2,0,0,0,3,0.195,1,0.25,0.156975,0,0,1,1,1,1,0,0,0,2,1,2,2,1,4,"Constitution Article 187","2020-03-16",NA,"2020-09-27",1,1,NA,NA,2,NA,NA,NA
"156","Honduras","Q4",0,0,2,0,0,0,3,0.195,1,0.25,0.156975,0,0,1,1,1,1,0,0,0,2,1,2,2,1,4,"Constitution Article 187","2020-03-16","2020-11-01","2020-11-01",1,1,NA,NA,2,NA,NA,NA
"157","Hong Kong","Q2",0,0,0,0,0,0,3,0.255,0,0.15,0.113985,0,0,1,1,0,0,0,0,0,0,0,0,0,1,4,"599G Prevention and Control of Disease (Prohibition on Group Gathering) Regulation","2020-03-29",NA,"2020-06-29",0,0,NA,NA,0,NA,NA,NA
"158","Hong Kong","Q3",0,0,0,0,0,0,3,0.255,0,0.15,0.113985,0,0,1,1,0,0,0,0,0,0,0,0,0,1,4,"599G Prevention and Control of Disease (Prohibition on Group Gathering) Regulation","2020-03-29",NA,"2020-12-31",0,0,NA,NA,0,NA,NA,NA
"159","Hong Kong","Q4",0,0,0,0,0,0,3,0.255,0,0.15,0.113985,0,0,1,1,0,0,0,0,0,0,0,0,0,1,4,"599G Prevention and Control of Disease (Prohibition on Group Gathering) Regulation","2020-03-29",NA,"2020-12-31",0,0,NA,NA,0,NA,NA,NA
"160","Hungary","Q2",0,0,0,1,2,0,3,0.402,1,0.3,0.2884752,0,0,1,1,0,2,1,0,0,0,1,3,2,0,1,"Fundamental Law of Hungary (Article 53)","2020-03-11","2020-06-17",NA,1,1,NA,NA,0,"2020-03-30","2020-06-17",NA
"161","Hungary","Q3",0,0,0,0,0,0,3,0.402,1,0.15,0.1442376,0,0,1,1,0,2,1,0,0,0,1,3,2,0,4,"Act CLIV of 1997 on healthcare (1997. évi CLIV. Törvény az egészségügyről)","2020-06-18","2020-12-18","2020-12-18",0,0,NA,NA,0,NA,NA,NA
"162","Hungary","Q4",0,0,0,0,2,0,3,0.402,1,0.25,0.240396,0,0,1,1,0,2,1,0,0,0,1,3,2,0,1,"Fundamental Law of Hungary (Article 53)","2020-11-04",NA,"2021-02-09",1,1,NA,NA,0,"2020-11-04",NA,NA
"163","India","Q2",1,3,2,0,3,0,3,0.364,2,0.6,0.5556096,1,1,1,1,0,2,1,1,0,2,0,4,1,1,3,"National Disaster Management Act 2010","2020-03-24","2020-05-31","2020-05-31",NA,NA,"2020-03-23","2020-09-14",2,"2020-03-24","2020-05-31",NA
"164","India","Q3",1,0,2,0,3,0,3,0.364,2,0.45,0.4167072,1,1,1,1,0,2,1,1,0,2,0,4,1,1,5,NA,NA,NA,NA,NA,NA,"2020-03-23","2020-09-14",2,NA,NA,NA
"165","India","Q4",1,0,2,0,0,0,3,0.364,2,0.3,0.2778048,1,1,1,1,0,2,1,1,0,2,0,4,1,1,5,NA,NA,NA,NA,NA,NA,NA,NA,2,NA,NA,NA
"166","Indonesia","Q2",0,0,0,1,0,0,3,0.494,2,0.2,0.1999712,0,0,1,1,1,2,0,0,1,0,1,2,0,0,2,"Health Quarantine Law","2020-03-31","2020-05-29","2020-05-29",0,0,NA,NA,1,NA,NA,NA
"167","Indonesia","Q3",0,0,0,0,0,1,3,0.494,2,0.2,0.1999712,0,0,1,1,1,2,0,0,1,0,1,2,0,0,5,NA,NA,NA,NA,NA,NA,NA,NA,1,NA,NA,NA
"168","Indonesia","Q4",0,0,0,0,0,0,3,0.494,2,0.15,0.1499784,0,0,1,1,1,2,0,0,1,0,1,2,0,0,5,NA,NA,NA,NA,NA,NA,NA,NA,1,NA,NA,NA
"169","Iran","Q2",0,0,2,0,0,0,3,0.144,1,0.25,0.123264,0,0,1,1,1,2,1,1,0,2,1,0,1,NA,5,NA,NA,NA,NA,NA,NA,NA,NA,0,"2020-04-08",NA,NA
"170","Iran","Q3",0,0,0,0,0,0,3,0.144,1,0.15,0.0739584,0,0,1,1,1,2,1,1,0,2,1,0,1,NA,5,NA,NA,NA,NA,NA,NA,NA,NA,1,"2020-04-08",NA,NA
"171","Iran","Q4",0,0,0,0,0,0,3,0.144,1,0.15,0.0739584,0,0,1,1,1,2,1,1,0,2,1,0,1,NA,5,NA,NA,NA,NA,NA,NA,NA,NA,2,"2020-04-08",NA,NA
"172","Iraq","Q2",0,0,0,0,0,0,3,0.24,1,0.15,0.10944,0,0,1,1,0,1,1,1,0,0,0,0,0,NA,5,NA,NA,NA,NA,NA,NA,NA,NA,2,NA,NA,NA
"173","Iraq","Q3",0,0,0,0,0,0,3,0.24,1,0.15,0.10944,0,0,1,1,0,1,1,1,0,0,0,0,0,NA,5,NA,NA,NA,NA,NA,NA,NA,NA,2,NA,NA,NA
"174","Iraq","Q4",0,0,0,0,0,0,3,0.24,1,0.15,0.10944,0,0,1,1,0,1,1,1,0,0,0,0,0,NA,5,NA,NA,NA,NA,NA,NA,NA,NA,2,NA,NA,NA
"175","Ireland","Q2",0,0,0,0,0,0,0,0.799,3,0,0,0,0,0,0,0,0,0,0,0,0,0,0,0,1,4,"Health (Preservation and Protection and other Emergency Measures in the Public Interest) Act 2020","2020-03-20",NA,"2020-11-09",1,1,NA,NA,0,NA,NA,NA
"176","Ireland","Q3",0,0,0,0,0,0,0,0.799,3,0,0,0,0,0,0,0,0,0,0,0,0,0,0,0,1,4,"Health (Preservation and Protection and other Emergency Measures in the Public Interest) Act 2020","2020-03-20",NA,"2020-11-09",1,1,NA,NA,1,NA,NA,NA
"177","Ireland","Q4",0,0,0,0,0,0,0,0.799,3,0,0,0,0,0,0,0,0,0,0,0,0,0,0,0,1,4,"Health (Preservation and Protection and other Emergency Measures in the Public Interest) Act 2020","2020-03-20",NA,"2021-06-09",1,1,NA,NA,1,NA,NA,NA
"178","Israel","Q2",0,0,1,0,0,0,0,0.574,3,0.05,0.0489048,0,0,0,0,0,0,0,0,0,1,1,2,0,1,1,"Article 39: State of Emergency","2020-03-19",NA,"2020-07-02",0,0,NA,NA,0,NA,NA,NA
"179","Israel","Q3",0,0,1,0,0,0,0,0.574,3,0.05,0.0489048,0,0,0,0,0,0,0,0,0,1,1,2,0,1,1,"Article 39: State of Emergency","2020-03-19",NA,"2020-11-06",0,0,NA,NA,2,NA,NA,NA
"180","Israel","Q4",0,0,1,0,0,0,0,0.574,3,0.05,0.0489048,0,0,0,0,0,0,0,0,0,1,1,2,0,1,1,"Article 39: State of Emergency","2020-03-19",NA,"2021-01-03",0,0,NA,NA,0,NA,NA,NA
"181","Italy","Q2",0,0,1,0,0,0,1,0.772,3,0.1,0.0704064,0,0,0,0,0,1,0,0,0,1,1,0,0,1,1,"Legislative Decree No. 1 of 2 January 2018","2020-01-31",NA,"2020-07-31",0,0,NA,NA,3,NA,NA,NA
"182","Italy","Q3",0,0,0,0,0,0,0,0.772,3,0,0,0,0,0,0,0,1,0,0,0,1,1,0,0,1,1,"Legislative Decree No. 1 of 2 January 2018","2020-01-31",NA,"2020-10-15",0,0,NA,NA,2,NA,NA,NA
"183","Italy","Q4",0,0,0,0,0,0,0,0.772,3,0,0,0,0,0,0,0,1,0,0,0,1,1,0,0,1,1,"Legislative Decree No. 1 of 2 January 2018","2020-01-31",NA,"2021-01-31",0,0,NA,NA,2,NA,NA,NA
"184","Ivory Coast","Q2",0,0,0,0,0,0,3,0.375,2,0.15,0.140625,0,0,1,1,0,0,0,0,0,0,0,2,0,1,1,"Constitution, articles 73, 101, 105. 
Law 59-231 of November 7, 1959 on the state of emergency.","2020-03-23",NA,"2020-05-15",0,0,NA,NA,1,NA,NA,NA
"185","Ivory Coast","Q3",0,0,0,0,0,0,3,0.375,2,0.15,0.140625,0,0,1,1,0,0,0,0,0,0,0,2,0,1,1,"Constitution, articles 73, 101, 105. 
Law 59-231 of November 7, 1959 on the state of emergency.","2020-03-23",NA,"2020-12-31",0,0,NA,NA,0,NA,NA,NA
"186","Ivory Coast","Q4",0,0,0,0,0,0,3,0.375,2,0.15,0.140625,0,0,1,1,0,0,0,0,0,0,0,2,0,1,1,"Constitution, articles 73, 101, 105. 
Law 59-231 of November 7, 1959 on the state of emergency.","2020-03-23",NA,"2020-12-31",0,0,NA,NA,0,NA,NA,NA
"187","Jamaica","Q2",0,0,0,2,0,0,0,0.69,2,0.1,0.08556,0,0,0,0,0,0,0,0,0,0,0,2,0,0,3,"The Disaster Risk Management Act, 2015","2020-03-13",NA,NA,0,0,NA,NA,2,NA,NA,NA
"188","Jamaica","Q3",0,0,0,2,0,0,0,0.69,2,0.1,0.08556,0,0,0,0,0,0,0,0,0,0,0,2,0,0,3,"The Disaster Risk Management Act, 2015","2020-03-13",NA,NA,0,0,NA,NA,2,NA,NA,NA
"189","Jamaica","Q4",0,0,0,2,0,0,0,0.69,2,0.1,0.08556,0,0,0,0,0,0,0,0,0,0,0,2,0,0,3,"The Disaster Risk Management Act, 2015","2020-03-13",NA,NA,0,0,NA,NA,2,NA,NA,NA
"190","Japan","Q2",0,0,0,0,0,0,1,0.736,3,0.05,0.0388608,0,0,0,0,0,1,0,0,0,0,0,0,0,1,4,"New Influenza Special Measures Act","2020-04-07","2020-04-07","2020-05-25",1,1,NA,NA,1,NA,NA,NA
"191","Japan","Q3",0,0,0,0,0,0,1,0.736,3,0.05,0.0388608,0,0,0,0,0,1,0,0,0,0,0,0,0,1,6,NA,NA,NA,NA,NA,NA,NA,NA,0,NA,NA,NA
"192","Japan","Q4",0,0,0,0,0,0,1,0.736,3,0.05,0.0388608,0,0,0,0,0,1,0,0,0,0,0,0,0,1,6,NA,NA,NA,NA,NA,NA,NA,NA,0,NA,NA,NA
"193","Jordan","Q2",0,0,0,0,2,0,3,0.254,0,0.25,0.189484,0,0,1,1,1,0,1,1,0,1,1,3,1,0,1,"Defence Law (based on Article 124 in the Constitution)","2020-03-17",NA,"2020-03-31",0,0,NA,NA,1,"2020-04-15",NA,NA
"194","Jordan","Q3",0,0,1,2,2,0,3,0.254,0,0.4,0.3031744,0,0,1,1,1,0,1,1,0,1,1,3,1,0,1,"Defence Law (based on Article 124 in the Constitution)","2020-03-17",NA,NA,0,0,NA,NA,1,"2020-04-15",NA,NA
"195","Jordan","Q4",0,0,0,2,2,0,3,0.254,0,0.35,0.2652776,0,0,1,1,1,0,1,1,0,1,1,3,1,0,1,"Defence Law (based on Article 124 in the Constitution)","2020-03-17",NA,NA,0,0,NA,NA,2,"2020-04-15",NA,NA
"196","Kazakhstan","Q2",0,3,0,0,0,0,3,0.116,1,0.3,0.1230528,0,1,1,1,0,1,0,1,0,0,1,2,0,0,1,"Constitution (Article 44, point 16), ZAKON RESPUBLIKI KAZAKHSTAN O chrezvychaynom polozhenii  (Articles 4,5,6)","2020-03-16","2020-05-11","2020-05-11",0,0,NA,NA,1,NA,NA,NA
"197","Kazakhstan","Q3",0,0,0,2,0,0,3,0.116,1,0.25,0.102544,0,1,1,1,0,1,0,1,0,0,1,2,0,0,4,"Kodeks Respubliki Kazakhstan o zdorov'ye naroda i sisteme zdravookhraneniya","2020-07-03",NA,NA,0,0,NA,NA,0,NA,NA,NA
"198","Kazakhstan","Q4",0,0,0,2,0,0,3,0.116,1,0.25,0.102544,0,1,1,1,0,1,0,1,0,0,1,2,0,0,4,"Kodeks Respubliki Kazakhstan o zdorov'ye naroda i sisteme zdravookhraneniya","2020-07-03",NA,NA,0,0,NA,NA,1,NA,NA,NA
"199","Kenya","Q2",0,0,3,0,0,0,3,0.338,1,0.3,0.2685072,0,0,1,1,1,2,1,1,0,3,0,2,1,1,2,"The Public Health Act [Rev. 2012] (Sections 35 and 36) - with provisions to deal with a pandemic (1) 
The Public Order Act (2003) [Rev. 2012] (3)","2020-03-27",NA,"2020-06-06",1,0,NA,NA,2,"2020-03-13",NA,NA
"200","Kenya","Q3",0,0,3,0,0,0,3,0.338,1,0.3,0.2685072,0,0,1,1,1,2,1,1,0,3,0,2,1,1,2,"The Public Health Act [Rev. 2012] (Sections 35 and 36) - with provisions to deal with a pandemic (1) 
The Public Order Act (2003) [Rev. 2012] (3)","2020-03-27",NA,"2020-09-29",1,0,NA,NA,0,"2020-03-13",NA,NA
"201","Kenya","Q4",0,0,3,0,0,0,3,0.338,1,0.3,0.2685072,0,0,1,1,1,2,1,1,0,3,0,2,1,1,2,"The Public Health Act [Rev. 2012] (Sections 35 and 36) - with provisions to deal with a pandemic (1) 
The Public Order Act (2003) [Rev. 2012] (3)","2020-03-27",NA,"2021-01-03",1,0,NA,NA,0,"2020-03-13",NA,NA
"202","Kuwait","Q2",1,0,1,0,2,0,0,0.295,0,0.2,0.16638,1,0,0,0,0,0,0,0,0,1,1,3,0,NA,5,NA,NA,NA,NA,NA,NA,NA,NA,1,NA,NA,NA
"203","Kuwait","Q3",1,0,0,0,2,0,0,0.295,0,0.15,0.124785,1,0,0,0,0,0,0,0,0,1,1,3,0,NA,5,NA,NA,NA,NA,NA,NA,NA,NA,1,NA,NA,NA
"204","Kuwait","Q4",1,0,0,0,2,0,0,0.295,0,0.15,0.124785,1,0,0,0,0,0,0,0,0,1,1,3,0,NA,5,NA,NA,NA,NA,NA,NA,NA,NA,0,NA,NA,NA
"205","Kyrgyzstan","Q2",0,3,0,2,0,0,3,0.315,1,0.4,0.34524,0,1,1,1,1,2,0,0,0,0,1,0,0,0,4,"ZAKON KYRGYZSKOY RESPUBLIKI O Grazhdanskoy zashchite","2020-03-22",NA,NA,0,0,NA,NA,2,NA,NA,NA
"206","Kyrgyzstan","Q3",0,0,0,2,0,0,3,0.315,1,0.25,0.215775,0,1,1,1,1,2,0,0,0,0,1,0,0,0,4,"ZAKON KYRGYZSKOY RESPUBLIKI O Grazhdanskoy zashchite","2020-03-22",NA,NA,0,0,NA,NA,1,NA,NA,NA
"207","Kyrgyzstan","Q4",0,0,0,2,0,0,3,0.315,1,0.25,0.215775,0,1,1,1,1,2,0,0,0,0,1,0,0,0,4,"ZAKON KYRGYZSKOY RESPUBLIKI O Grazhdanskoy zashchite","2020-03-22",NA,NA,0,0,NA,NA,1,NA,NA,NA
"208","Laos","Q2",0,0,0,2,0,0,3,0.095,0,0.25,0.085975,0,0,1,1,1,2,0,0,0,0,1,0,3,0,4,"The Prime Minister's Order on reinforcement measures on cantainment, prevention and full response to the COVID-19 pandemic","2020-03-30",NA,NA,0,0,NA,NA,0,"2020-03-30",NA,NA
"209","Laos","Q3",0,0,0,2,0,0,3,0.095,0,0.25,0.085975,0,0,1,1,1,2,0,0,0,0,1,0,3,0,4,"The Prime Minister's Order on reinforcement measures on cantainment, prevention and full response to the COVID-19 pandemic","2020-03-30",NA,NA,0,0,NA,NA,0,"2020-03-30",NA,NA
"210","Laos","Q4",0,0,0,2,0,0,3,0.095,0,0.25,0.085975,0,0,1,1,1,2,0,0,0,0,1,0,3,0,4,"The Prime Minister's Order on reinforcement measures on cantainment, prevention and full response to the COVID-19 pandemic","2020-03-30",NA,NA,0,0,NA,NA,0,"2020-03-30",NA,NA
"211","Lebanon","Q2",3,0,2,0,0,0,0,0.29,1,0.25,0.2059,3,0,0,0,0,0,0,0,0,2,1,2,0,1,1,"Article 2 of 1983 National Defense Law","2020-03-16",NA,"2020-07-05",0,0,NA,NA,0,NA,NA,NA
"212","Lebanon","Q3",3,0,0,0,0,0,0,0.29,1,0.15,0.12354,3,0,0,0,0,0,0,0,0,2,1,2,0,1,1,"Article 2 of 1983 National Defense Law","2020-03-16",NA,"2020-12-31",0,0,NA,NA,0,NA,NA,NA
"213","Lebanon","Q4",3,0,0,0,0,0,0,0.29,1,0.15,0.12354,3,0,0,0,0,0,0,0,0,2,1,2,0,1,1,"Article 2 of 1983 National Defense Law","2020-03-16",NA,"2020-12-31",0,0,NA,NA,1,NA,NA,NA
"214","Lesotho","Q2",0,0,1,0,3,0,0,0.465,2,0.2,0.19902,0,0,0,0,0,0,0,0,0,1,1,4,1,1,1,"Constitution (1993), section 23 (1)","2020-03-18",NA,"2020-04-28",1,0,"2020-03-20","2020-04-17",0,"2020-03-18",NA,NA
"215","Lesotho","Q3",0,0,0,0,0,0,0,0.465,2,0,0,0,0,0,0,0,0,0,0,0,1,1,4,1,1,3,"Disaster Management Act of 1997","2020-04-29",NA,"2020-10-28",0,0,NA,NA,0,"2020-03-18",NA,NA
"216","Lesotho","Q4",0,0,0,0,0,0,0,0.465,2,0,0,0,0,0,0,0,0,0,0,0,1,1,4,1,1,3,"Disaster Management Act of 1997","2020-04-29",NA,"2021-04-29",0,0,NA,NA,0,"2020-03-18",NA,NA
"217","Liberia","Q2",0,0,1,0,0,1,3,0.426,2,0.25,0.244524,0,0,1,1,1,2,1,1,1,1,1,2,1,0,1,"Constitution of Liberia (Section 9)","2020-04-09","2020-07-21","2020-07-21",1,1,NA,NA,1,"2020-04-09","2020-07-21",NA
"218","Liberia","Q3",0,0,0,0,0,0,3,0.426,2,0.15,0.1467144,0,0,1,1,1,2,1,1,1,1,1,2,1,0,1,"Constitution of Liberia (Section 9)","2020-04-09","2020-07-21","2020-07-21",1,1,NA,NA,1,"2020-04-09","2020-07-21",NA
"219","Liberia","Q4",0,0,0,2,0,0,3,0.426,2,0.25,0.244524,0,0,1,1,1,2,1,1,1,1,1,2,1,0,2,"Public Health Law Title 33 (Chapter 14)","2020-07-22",NA,NA,0,NA,NA,NA,0,NA,NA,NA
"220","Lithuania","Q2",0,0,0,2,0,0,0,0.732,2,0.1,0.0784704,0,0,0,0,0,0,0,0,0,0,1,0,0,0,4,"Lietuvos Respublikos civilinės saugos įstatymas","2020-02-26",NA,NA,0,0,NA,NA,0,NA,NA,NA
"221","Lithuania","Q3",0,0,0,2,0,0,0,0.732,2,0.1,0.0784704,0,0,0,0,0,0,0,0,0,0,1,0,0,0,4,"Lietuvos Respublikos civilinės saugos įstatymas","2020-02-26",NA,NA,0,0,NA,NA,0,NA,NA,NA
"222","Lithuania","Q4",0,0,0,2,0,0,0,0.732,2,0.1,0.0784704,0,0,0,0,0,0,0,0,0,0,1,0,0,0,4,"Lietuvos Respublikos civilinės saugos įstatymas","2020-02-26",NA,"2020-12-17",0,0,NA,NA,1,NA,NA,NA
"223","Madagascar","Q2",0,0,1,0,0,2,3,0.313,1,0.3,0.2580372,0,0,1,1,1,2,0,1,2,1,1,2,3,1,2,"Constitution, article 61; 
Law no 91-011 of July 18, 1991 relating to emergency situations;
Law no 2011-002 of July 15, 2011 on the Public Health Code;","2020-03-21",NA,"2020-06-28",0,0,NA,NA,1,"2020-03-21","2020-10-18",NA
"224","Madagascar","Q3",0,0,0,0,0,2,3,0.313,1,0.25,0.215031,0,0,1,1,1,2,0,1,2,1,1,2,3,1,2,"Constitution, article 61; 
Law no 91-011 of July 18, 1991 relating to emergency situations;
Law no 2011-002 of July 15, 2011 on the Public Health Code;","2020-03-21",NA,"2020-09-20",0,0,NA,NA,1,"2020-03-21","2020-10-18",NA
"225","Madagascar","Q4",0,0,0,0,0,2,3,0.313,1,0.25,0.215031,0,0,1,1,1,2,0,1,2,1,1,2,3,1,2,"Constitution, article 61; 
Law no 91-011 of July 18, 1991 relating to emergency situations;
Law no 2011-002 of July 15, 2011 on the Public Health Code;","2020-03-21","2020-10-18","2020-10-18",0,0,NA,NA,1,"2020-03-21","2020-10-18",NA
"226","Malawi","Q2",0,0,0,2,0,0,0,0.424,1,0.1,0.0976896,0,0,0,0,0,0,0,0,0,0,0,1,0,0,4,"Public Health Act","2020-04-01",NA,NA,0,0,NA,NA,0,NA,NA,NA
"227","Malawi","Q3",0,0,0,2,0,0,0,0.424,1,0.1,0.0976896,0,0,0,0,0,0,0,0,0,0,0,1,0,0,4,"Public Health Act","2020-04-01",NA,NA,0,0,NA,NA,0,NA,NA,NA
"228","Malawi","Q4",0,0,0,2,0,0,0,0.424,1,0.1,0.0976896,0,0,0,0,0,0,0,0,0,0,0,1,0,0,4,"Public Health Act","2020-04-01",NA,NA,0,0,NA,NA,0,NA,NA,NA
"229","Malaysia","Q2",3,0,0,0,2,0,3,0.328,1,0.4,0.3526656,3,0,1,1,0,0,1,1,0,0,1,3,0,1,4,"Movement Control Order","2020-03-18",NA,"2020-08-31",0,0,NA,NA,2,NA,NA,NA
"230","Malaysia","Q3",3,0,0,0,2,0,3,0.328,1,0.4,0.3526656,3,0,1,1,0,0,1,1,0,0,1,3,0,1,4,"Movement Control Order","2020-03-18",NA,"2020-12-31",0,0,NA,NA,2,NA,NA,NA
"231","Malaysia","Q4",3,0,0,0,2,0,3,0.328,1,0.4,0.3526656,3,0,1,1,0,0,1,1,0,0,1,3,0,1,4,"Movement Control Order","2020-03-18",NA,"2020-12-31",0,0,NA,NA,2,NA,NA,NA
"232","Mali","Q2",0,0,0,1,0,1,3,0.309,1,0.25,0.213519,0,0,0,1,0,0,1,1,2,0,0,5,0,0,1,"Constitution, articles 49, 50, 72, 74;
Law 2017 055 of November 6, 2017 on the state of emergency and state of siege (2)","2020-03-26","2020-05-09",NA,1,0,NA,NA,0,NA,NA,NA
"233","Mali","Q3",0,0,0,0,3,2,0,0.309,1,0.25,0.213519,0,0,0,1,0,0,1,1,2,0,0,5,0,0,5,NA,NA,NA,NA,NA,NA,NA,NA,0,NA,NA,NA
"234","Mali","Q4",0,0,0,0,3,2,0,0.309,1,0.25,0.213519,0,0,0,1,0,0,1,1,2,0,0,5,0,0,5,NA,NA,NA,NA,NA,NA,NA,NA,0,NA,NA,NA
"235","Mauritania","Q2",0,0,1,2,0,1,3,0.161,1,0.35,0.1891106,0,0,0,1,0,0,0,1,2,1,1,2,0,0,4,"Constitution (1991), article 60","2020-04-01",NA,NA,1,1,NA,NA,1,NA,NA,NA
"236","Mauritania","Q3",0,0,0,1,0,2,0,0.161,1,0.15,0.0810474,0,0,0,1,0,0,0,1,2,1,1,2,0,0,4,"Constitution (1991), article 60","2020-04-01","2020-07-10",NA,1,1,NA,NA,0,NA,NA,NA
"237","Mauritania","Q4",0,0,0,0,0,2,0,0.161,1,0.1,0.0540316,0,0,0,1,0,0,0,1,2,1,1,2,0,0,5,NA,NA,NA,NA,NA,NA,NA,NA,0,NA,NA,NA
"238","Mexico","Q2",0,0,2,0,2,2,1,0.486,2,0.35,0.3497256,0,0,0,0,0,1,0,0,2,2,0,3,0,0,2,"Reglamento Interior del Consejo de Salubridad General - Article 9","2020-03-30","2020-05-30","2020-05-30",0,0,NA,NA,3,NA,NA,NA
"239","Mexico","Q3",0,0,2,2,0,2,1,0.486,2,0.35,0.3497256,0,0,0,0,0,1,0,0,2,2,0,3,0,0,4,"Ley Orgánica de la Administración Pública Federal: Artículo 39; Ley General de Salud: Artículo 3o., fracción XV, 4o. fracción III, 147, 148 y 184, fracción I","2020-06-01",NA,NA,0,0,NA,NA,3,NA,NA,NA
"240","Mexico","Q4",0,0,2,2,0,2,1,0.486,2,0.35,0.3497256,0,0,0,0,0,1,0,0,2,2,0,3,0,0,4,"Ley Orgánica de la Administración Pública Federal: Artículo 39; Ley General de Salud: Artículo 3o., fracción XV, 4o. fracción III, 147, 148 y 184, fracción I","2020-06-01",NA,NA,0,0,NA,NA,3,NA,NA,NA
"241","Moldova","Q2",0,0,0,0,0,0,3,0.445,2,0.15,0.148185,0,0,0,1,0,1,1,0,0,0,1,2,3,0,1,"Constitution (Article 66 m)","2020-03-17","2020-05-15","2020-05-15",1,1,NA,NA,0,"2020-03-24","2020-03-26",NA
"242","Moldova","Q3",0,0,0,0,0,0,0,0.445,2,0,0,0,0,0,1,0,1,1,0,0,0,1,2,3,0,2,"""LEGE Nr. 10 din 03-02-2009 privind supravegherea de stat a sănătăţii publice"" (Art. 58)","2020-05-16","2020-09-30","2020-09-30",0,0,NA,NA,0,NA,NA,NA
"243","Moldova","Q4",0,0,0,2,0,0,0,0.445,2,0.1,0.09879,0,0,0,1,0,1,1,0,0,0,1,2,3,0,4,"""LEGE Nr. 10 din 03-02-2009 privind supravegherea de stat a sănătăţii publice"" (Art. 55)","2020-10-01",NA,NA,0,0,NA,NA,1,NA,NA,NA
"244","Mongolia","Q2",0,0,0,0,0,1,3,0.522,2,0.2,0.1996128,0,0,1,1,0,0,0,0,1,0,0,0,1,1,4,"Law on Covid-19 Prevention","2020-04-29",NA,"2020-12-31",1,1,NA,NA,0,NA,NA,NA
"245","Mongolia","Q3",0,0,0,0,0,1,3,0.522,2,0.2,0.1996128,0,0,1,1,0,0,0,0,1,0,0,0,1,1,4,"Law on Covid-19 Prevention","2020-04-29",NA,"2020-12-31",1,1,NA,NA,0,NA,NA,NA
"246","Mongolia","Q4",0,0,0,0,0,1,3,0.522,2,0.2,0.1996128,0,0,1,1,0,0,0,0,1,0,0,0,1,1,4,"Law on Covid-19 Prevention","2020-04-29",NA,"2020-12-31",1,1,NA,NA,0,NA,NA,NA
"247","Morocco","Q2",0,0,1,0,0,1,3,0.256,0,0.25,0.190464,0,0,1,1,1,0,1,1,2,1,1,1,2,1,2,"Constitution (2011), Article 81","2020-03-20",NA,"2020-06-10",1,1,NA,NA,1,"2020-03-23","2020-05-26",NA
"248","Morocco","Q3",0,0,1,0,0,2,3,0.256,0,0.3,0.2285568,0,0,1,1,1,0,1,1,2,1,1,1,2,1,2,"Constitution (2011), Article 81","2020-03-20",NA,"2020-09-10",1,1,NA,NA,1,"2020-03-23",NA,NA
"249","Morocco","Q4",0,0,1,0,0,2,3,0.256,0,0.3,0.2285568,0,0,1,1,1,0,1,1,2,1,1,1,2,1,2,"Constitution (2011), Article 81","2020-03-20",NA,"2020-12-10",1,1,NA,NA,1,"2020-03-23",NA,NA
"250","Mozambique","Q2",0,0,2,0,0,0,3,0.269,1,0.25,0.196639,0,0,0,0,1,0,0,0,0,2,0,2,0,0,1,"Constitution Articles 161 and 282","2020-04-01",NA,"2020-06-28",1,1,NA,NA,0,NA,NA,NA
"251","Mozambique","Q3",0,0,2,0,0,0,3,0.269,1,0.25,0.196639,0,0,0,0,1,0,0,0,0,2,0,2,0,0,1,"Constitution Articles 161 and 282","2020-04-01","2020-09-06","2020-09-06",1,1,NA,NA,0,NA,NA,NA
"252","Mozambique","Q4",0,0,0,2,0,0,3,0.269,1,0.25,0.196639,0,0,0,0,1,0,0,0,0,2,0,2,0,0,3,"Law nº 10/2020 from August 24, Decree nº 76/2020 from September 1","2020-09-07",NA,NA,0,0,NA,NA,0,NA,NA,NA
"253","Namibia","Q2",0,0,0,0,3,0,3,0.568,2,0.3,0.2944512,0,0,0,1,0,1,0,0,0,0,1,4,1,1,1,"Constitution - Article 26(1); 
Disaster Risk Management Act, 2012 (Act No. 10 of 2012) - section 30(3)","2020-03-17","2020-09-17","2020-09-17",1,1,"2020-03-24","2020-05-26",1,"2020-04-17","2020-09-28",NA
"254","Namibia","Q3",0,0,0,0,3,0,0,0.568,2,0.15,0.1472256,0,0,0,1,0,1,0,0,0,0,1,4,1,1,1,"Constitution - Article 26(1); 
Disaster Risk Management Act, 2012 (Act No. 10 of 2012) - section 30(3)","2020-03-17","2020-09-17","2020-09-17",1,1,"2020-07-08","2020-09-08",1,"2020-04-17","2020-09-28",NA
"255","Namibia","Q4",0,0,0,0,0,0,0,0.568,2,0,0,0,0,0,1,0,1,0,0,0,0,1,4,1,1,4,"Public and Environmental Health Act 1 of 2015 (4)","2020-09-18",NA,"2021-01-25",0,0,NA,NA,0,NA,NA,NA
"256","Nepal","Q2",0,0,1,2,2,0,3,0.464,2,0.4,0.3979264,0,0,0,1,0,0,1,1,0,1,1,3,0,0,4,"Infectious Disease Control Act 2020","2020-03-24",NA,NA,0,0,NA,NA,1,NA,NA,NA
"257","Nepal","Q3",0,0,1,2,2,0,3,0.464,2,0.4,0.3979264,0,0,0,1,0,0,1,1,0,1,1,3,0,0,4,"Infectious Disease Control Act 2020","2020-03-24",NA,NA,0,0,NA,NA,1,NA,NA,NA
"258","Nepal","Q4",0,0,0,2,2,0,3,0.464,2,0.35,0.3481856,0,0,0,1,0,0,1,1,0,1,1,3,0,0,4,"Infectious Disease Control Act 2020","2020-03-24",NA,NA,0,0,NA,NA,0,NA,NA,NA
"259","Netherlands","Q2",0,0,0,0,0,0,0,0.784,3,0,0,0,0,0,0,0,0,0,0,0,0,0,0,0,1,6,NA,NA,NA,NA,NA,NA,NA,NA,1,NA,NA,NA
"260","Netherlands","Q3",0,0,0,0,0,0,0,0.784,3,0,0,0,0,0,0,0,0,0,0,0,0,0,0,0,1,6,NA,NA,NA,NA,NA,NA,NA,NA,0,NA,NA,NA
"261","Netherlands","Q4",0,0,0,0,0,0,0,0.784,3,0,0,0,0,0,0,0,0,0,0,0,0,0,0,0,1,4,"Tijdelijke wet maatregelen covid-19","2020-12-01",NA,"2021-02-28",1,1,NA,NA,0,NA,NA,NA
"262","New Zealand","Q2",0,0,0,0,0,0,0,0.815,3,0,0,0,0,0,0,0,0,0,0,0,0,1,0,0,1,1,"Civil Defence Emergency Management Act 2002 (Section 66)","2020-03-25","2020-05-13","2020-05-13",0,0,NA,NA,1,NA,NA,NA
"263","New Zealand","Q3",0,0,0,0,0,0,0,0.815,3,0,0,0,0,0,0,0,0,0,0,0,0,1,0,0,1,4,"COVID-19 Public Health Response Act 2020","2020-05-13","2020-08-04","2020-08-04",1,1,NA,NA,1,NA,NA,NA
"264","New Zealand","Q4",0,0,0,0,0,0,0,0.815,3,0,0,0,0,0,0,0,0,0,0,0,0,1,0,0,1,4,"COVID-19 Public Health Response Act 2020","2020-08-04","2020-11-02","2020-11-02",1,1,NA,NA,1,NA,NA,NA
"265","Nicaragua","Q2",0,0,0,0,0,3,3,0.058,1,0.3,0.0655632,0,0,1,1,0,2,1,0,3,0,0,0,0,NA,6,NA,NA,NA,NA,NA,NA,NA,NA,0,NA,NA,NA
"266","Nicaragua","Q3",0,0,0,0,0,3,3,0.058,1,0.3,0.0655632,0,0,1,1,0,2,1,0,3,0,0,0,0,NA,6,NA,NA,NA,NA,NA,NA,NA,NA,0,NA,NA,NA
"267","Nicaragua","Q4",0,0,0,0,0,3,3,0.058,1,0.3,0.0655632,0,0,1,1,0,2,1,0,3,0,0,0,0,NA,6,NA,NA,NA,NA,NA,NA,NA,NA,0,NA,NA,NA
"268","Niger","Q2",0,0,1,0,0,1,3,0.344,1,0.25,0.225664,0,0,1,1,0,1,1,1,2,1,0,2,0,1,1,"Constitution (2010), Articles 67, 68, 99, 105, 175;
Law 98-024 of 1998, modified and updated by law 2015-07 of 2015 ( loi n° 98-024 du 11 août 1998, portant réglementation de l’état d’urgence, modifiée et complétée par la loi n° 2015-07 du 10 avril 2015) on the application of the provisions on emergency - extraordinary measures.","2020-03-27",NA,"2020-07-11",1,1,NA,NA,1,NA,NA,NA
"269","Niger","Q3",0,0,0,0,0,2,3,0.344,1,0.25,0.225664,0,0,1,1,0,1,1,1,2,1,0,2,0,1,1,"Constitution (2010), Articles 67, 68, 99, 105, 175;
Law 98-024 of 1998, modified and updated by law 2015-07 of 2015 ( loi n° 98-024 du 11 août 1998, portant réglementation de l’état d’urgence, modifiée et complétée par la loi n° 2015-07 du 10 avril 2015) on the application of the provisions on emergency - extraordinary measures.","2020-03-27",NA,"2020-10-12",1,1,NA,NA,1,NA,NA,NA
"270","Niger","Q4",0,0,0,0,0,2,3,0.344,1,0.25,0.225664,0,0,1,1,0,1,1,1,2,1,0,2,0,1,1,"Constitution (2010), Articles 67, 68, 99, 105, 175;
Law 98-024 of 1998, modified and updated by law 2015-07 of 2015 ( loi n° 98-024 du 11 août 1998, portant réglementation de l’état d’urgence, modifiée et complétée par la loi n° 2015-07 du 10 avril 2015) on the application of the provisions on emergency - extraordinary measures.","2020-03-27",NA,"2021-01-10",1,1,NA,NA,1,NA,NA,NA
"271","Nigeria","Q2",0,0,3,0,0,0,3,0.339,1,0.3,0.2688948,0,0,1,1,1,2,1,1,0,3,1,2,0,1,4,"Quarantine Act of 1926","2020-03-30","2020-11-16","2020-07-27",0,0,NA,NA,2,NA,NA,NA
"272","Nigeria","Q3",0,0,3,0,0,0,3,0.339,1,0.3,0.2688948,0,0,1,1,1,2,1,1,0,3,1,2,0,1,4,"Quarantine Act of 1926","2020-03-30","2020-11-16","2020-10-02",0,0,NA,NA,2,NA,NA,NA
"273","Nigeria","Q4",0,0,3,0,0,0,3,0.339,1,0.3,0.2688948,0,0,1,1,1,2,1,1,0,3,1,2,0,1,4,"Quarantine Act of 1926","2020-03-30","2020-11-16","2010-11-16",0,0,NA,NA,2,NA,NA,NA
"274","North Korea","Q2",0,0,0,0,0,0,3,0.014,0,0.15,0.0082824,0,0,1,1,0,2,0,0,1,0,0,0,0,NA,6,NA,NA,NA,NA,NA,NA,NA,NA,0,NA,NA,NA
"275","North Korea","Q3",0,0,0,0,0,0,3,0.014,0,0.15,0.0082824,0,0,1,1,0,2,0,0,1,0,0,0,0,NA,6,NA,NA,NA,NA,NA,NA,NA,NA,1,NA,NA,NA
"276","North Korea","Q4",0,0,0,0,0,1,3,0.014,0,0.2,0.0110432,0,0,1,1,0,2,0,0,1,0,0,0,0,NA,6,NA,NA,NA,NA,NA,NA,NA,NA,0,NA,NA,NA
"277","North Macedonia","Q2",1,0,0,2,3,0,0,0.432,2,0.3,0.2944512,1,0,0,0,0,0,0,0,0,0,1,4,0,0,1,"Constitution (Articles 125, 126)","2020-03-18",NA,NA,1,0,"2020-02-16","2020-08-04",1,NA,NA,NA
"278","North Macedonia","Q3",0,0,0,2,3,0,0,0.432,2,0.25,0.245376,1,0,0,0,0,0,0,0,0,0,1,4,0,0,4,"Zakon za zaštita na naselenieto od zarazni bolesti","2020-03-13",NA,NA,0,0,"2020-02-16","2020-08-04",0,NA,NA,NA
"279","North Macedonia","Q4",0,0,0,2,0,0,0,0.432,2,0.1,0.0981504,1,0,0,0,0,0,0,0,0,0,1,4,0,0,4,"Zakon za upravuvanje so krizi","2020-11-20",NA,NA,0,0,NA,NA,0,NA,NA,NA
"280","Norway","Q2",0,0,0,0,0,0,0,0.825,3,0,0,0,0,0,0,0,0,0,0,0,0,0,0,0,0,4,"The Corona Act (Koronaloven)","2020-03-27","2020-05-27","2020-05-27",1,1,NA,NA,0,NA,NA,NA
"281","Norway","Q3",0,0,0,2,0,0,0,0.825,3,0.1,0.05775,0,0,0,0,0,0,0,0,0,0,0,0,0,0,4,"the Act of 5 August 1994 No. 55 relating to control of communicable diseases","2020-03-13",NA,NA,0,0,NA,NA,1,NA,NA,NA
"282","Norway","Q4",0,0,0,2,0,0,0,0.825,3,0.1,0.05775,0,0,0,0,0,0,0,0,0,0,0,0,0,0,4,"the Act of 5 August 1994 No. 55 relating to control of communicable diseases","2020-03-13",NA,NA,0,0,NA,NA,1,NA,NA,NA
"283","Oman","Q2",0,0,0,2,2,0,3,0.143,0,0.35,0.1715714,0,0,1,1,1,0,0,0,0,0,1,3,3,0,4,"Sultan Haitham Bin Tarik Royal orders","2020-03-10",NA,NA,0,0,NA,NA,2,"2020-03-23",NA,NA
"284","Oman","Q3",0,0,0,2,2,0,3,0.143,0,0.35,0.1715714,0,0,1,1,1,0,0,0,0,0,1,3,3,0,4,"Sultan Haitham Bin Tarik Royal orders","2020-03-10",NA,NA,0,0,NA,NA,2,"2020-03-23","2020-08-17",NA
"285","Oman","Q4",0,0,0,2,2,0,3,0.143,0,0.35,0.1715714,0,0,1,1,1,0,0,0,0,0,1,3,3,0,4,"Sultan Haitham Bin Tarik Royal orders","2020-03-10",NA,NA,0,0,NA,NA,0,NA,NA,NA
"286","Pakistan","Q2",1,0,1,0,0,0,3,0.211,1,0.25,0.166479,1,0,1,1,0,0,0,1,0,1,1,0,0,NA,5,NA,NA,NA,NA,NA,NA,"2020-03-13","2020-04-20",2,NA,NA,NA
"287","Pakistan","Q3",0,0,1,0,0,0,3,0.211,1,0.2,0.1331832,1,0,1,1,0,0,0,1,0,1,1,0,0,NA,5,NA,NA,NA,NA,NA,NA,NA,NA,2,NA,NA,NA
"288","Pakistan","Q4",0,0,0,0,0,0,3,0.211,1,0.15,0.0998874,1,0,1,1,0,0,0,1,0,1,1,0,0,NA,5,NA,NA,NA,NA,NA,NA,NA,NA,0,NA,NA,NA
"289","Panama","Q2",2,0,1,2,0,0,0,0.592,2,0.25,0.241536,2,0,0,0,0,0,0,0,0,1,0,2,0,0,4,"Código Sanitario (Ley 66 de 10 de noviembre de 1940)","2020-03-25",NA,NA,0,0,NA,NA,1,NA,NA,NA
"290","Panama","Q3",2,0,1,2,0,0,0,0.592,2,0.25,0.241536,2,0,0,0,0,0,0,0,0,1,0,2,0,0,4,"Código Sanitario (Ley 66 de 10 de noviembre de 1940)","2020-03-25",NA,NA,0,0,NA,NA,1,NA,NA,NA
"291","Panama","Q4",0,0,1,2,0,0,0,0.592,2,0.15,0.1449216,2,0,0,0,0,0,0,0,0,1,0,2,0,0,4,"Código Sanitario (Ley 66 de 10 de noviembre de 1940)","2020-03-25",NA,NA,0,0,NA,NA,1,NA,NA,NA
"292","Papua New Guinea","Q2",0,0,0,2,0,0,3,0.373,1,0.25,0.233871,0,0,1,1,0,1,1,0,0,0,1,2,2,0,1,"Part X: Emergency Provisions/National Pandemic Act","2020-03-24",NA,NA,0,0,NA,NA,2,"2020-06-16",NA,NA
"293","Papua New Guinea","Q3",0,0,0,2,0,0,3,0.373,1,0.25,0.233871,0,0,1,1,0,1,1,0,0,0,1,2,2,0,4,"National Pandemic Act","2020-06-16",NA,NA,0,0,NA,NA,2,"2020-06-16",NA,NA
"294","Papua New Guinea","Q4",0,0,0,2,0,0,3,0.373,1,0.25,0.233871,0,0,1,1,0,1,1,0,0,0,1,2,2,0,4,"National Pandemic Act","2020-06-16",NA,NA,0,0,NA,NA,2,"2020-06-16",NA,NA
"295","Paraguay","Q2",0,0,1,2,2,0,0,0.427,2,0.25,0.244671,0,0,0,1,0,0,0,1,0,1,1,3,0,0,2,"Constitution Articles 68 and 238, Law Nº 836 (Código Sanitario) Article 13","2020-03-16",NA,NA,0,0,NA,NA,0,NA,NA,NA
"296","Paraguay","Q3",0,0,1,2,2,0,3,0.427,2,0.4,0.3914736,0,0,0,1,0,0,0,1,0,1,1,3,0,0,2,"Constitution Articles 68 and 238, Law Nº 836 (Código Sanitario) Article 13","2020-03-16",NA,NA,0,0,NA,NA,2,NA,NA,NA
"297","Paraguay","Q4",0,0,1,2,2,0,0,0.427,2,0.25,0.244671,0,0,0,1,0,0,0,1,0,1,1,3,0,0,2,"Constitution Articles 68 and 238, Law Nº 836 (Código Sanitario) Article 13","2020-03-16",NA,NA,0,0,NA,NA,2,NA,NA,NA
"298","Peru","Q2",2,0,1,0,0,0,0,0.674,2,0.15,0.1318344,2,0,0,0,0,0,0,0,0,1,1,2,0,1,1,"Constitution Article 137","2020-03-16",NA,"2020-06-30",0,0,NA,NA,0,NA,NA,NA
"299","Peru","Q3",0,0,1,0,0,0,0,0.674,2,0.05,0.0439448,2,0,0,0,0,0,0,0,0,1,1,2,0,1,1,"Constitution Article 137","2020-03-16",NA,"2020-09-30",0,0,NA,NA,2,NA,NA,NA
"300","Peru","Q4",0,0,1,0,0,0,0,0.674,2,0.05,0.0439448,2,0,0,0,0,0,0,0,0,1,1,2,0,1,1,"Constitution Article 137","2020-03-16",NA,"2020-12-31",0,0,NA,NA,2,NA,NA,NA
"301","Philippines","Q2",0,3,2,0,0,0,3,0.286,1,0.4,0.3267264,0,1,1,1,1,2,0,0,0,2,1,2,1,1,1,"Bayanihan to Heal as One Act","2020-03-23",NA,"2020-09-23",1,1,"2020-03-09","2020-05-04",0,NA,"2020-09-23",NA
"302","Philippines","Q3",0,3,2,0,0,0,3,0.286,1,0.4,0.3267264,0,1,1,1,1,2,0,0,0,2,1,2,1,1,1,"Bayanihan to Heal as One Act","2020-03-23",NA,"2021-09-23",1,1,NA,NA,0,NA,"2021-09-23",NA
"303","Philippines","Q4",0,3,2,0,0,0,3,0.286,1,0.4,0.3267264,0,1,1,1,1,2,0,0,0,2,1,2,1,1,1,"Bayanihan to Heal as One Act","2020-03-23",NA,"2021-09-23",1,1,NA,NA,0,NA,"2021-09-23",NA
"304","Poland","Q2",0,0,0,2,0,0,3,0.5,2,0.25,0.25,0,0,0,0,1,1,0,1,0,0,1,0,0,0,4,"Ustawa z dnia 5 grudnia 2008 r. o zapobieganiu oraz zwalczaniu zakażeń i chorób zakaźnych u ludzi","2020-03-20",NA,NA,0,0,NA,NA,0,NA,NA,NA
"305","Poland","Q3",0,0,0,2,0,0,3,0.5,2,0.25,0.25,0,0,0,0,1,1,0,1,0,0,1,0,0,0,4,"Ustawa z dnia 5 grudnia 2008 r. o zapobieganiu oraz zwalczaniu zakażeń i chorób zakaźnych u ludzi","2020-03-20",NA,NA,0,0,NA,NA,1,NA,NA,NA
"306","Poland","Q4",0,0,0,2,0,0,3,0.5,2,0.25,0.25,0,0,0,0,1,1,0,1,0,0,1,0,0,0,4,"Ustawa z dnia 5 grudnia 2008 r. o zapobieganiu oraz zwalczaniu zakażeń i chorób zakaźnych u ludzi","2020-03-20",NA,NA,0,0,NA,NA,1,NA,NA,NA
"307","Portugal","Q2",0,0,0,0,0,0,0,0.817,3,0,0,0,0,0,0,0,0,0,0,0,0,0,2,0,1,1,"Constitution articles 19, 134 and 138, Law n.º 44/86, Organic Law n.º 1/2011, Organic Law n.º 1/2012","2020-03-19","2020-05-02","2020-05-02",1,1,NA,NA,0,NA,NA,NA
"308","Portugal","Q3",0,0,0,0,0,0,0,0.817,3,0,0,0,0,0,0,0,0,0,0,0,0,0,2,0,1,4,"Law nº 27/2006 (Articles 6, 8, 19), Law nº 81/2009 (Article 17), and Decree-Law nº 10-A/2020 (Articles 12 and 13)","2020-06-27","2020-07-31","2020-07-31",0,0,NA,NA,1,NA,NA,NA
"309","Portugal","Q4",0,0,0,0,0,0,0,0.817,3,0,0,0,0,0,0,0,0,0,0,0,0,0,2,0,1,1,"Constitution articles 19, 134 and 138, Law n.º 44/86, Organic Law n.º 1/2011, Organic Law n.º 1/2012","2020-11-09",NA,"2020-12-23",1,1,NA,NA,0,NA,NA,NA
"310","Qatar","Q2",3,0,1,0,0,0,3,0.086,0,0.35,0.1100456,3,0,1,1,0,0,0,0,0,1,0,0,0,NA,5,NA,NA,NA,NA,NA,NA,NA,NA,1,NA,NA,NA
"311","Qatar","Q3",3,0,1,0,0,0,3,0.086,0,0.35,0.1100456,3,0,1,1,0,0,0,0,0,1,0,0,0,NA,5,NA,NA,NA,NA,NA,NA,NA,NA,0,NA,NA,NA
"312","Qatar","Q4",3,0,1,0,0,0,3,0.086,0,0.35,0.1100456,3,0,1,1,0,0,0,0,0,1,0,0,0,NA,5,NA,NA,NA,NA,NA,NA,NA,NA,0,NA,NA,NA
"313","Republic of the Congo","Q2",0,0,0,0,0,1,3,0.099,1,0.2,0.0713592,0,0,1,1,0,1,0,0,1,0,0,2,0,1,1,"Constitution (2015), articles 93, 157.","2020-03-31",NA,"2020-06-20",1,1,NA,NA,0,NA,NA,NA
"314","Republic of the Congo","Q3",0,0,0,0,0,0,3,0.099,1,0.15,0.0535194,0,0,1,1,0,1,0,0,1,0,0,2,0,1,1,"Constitution (2015), articles 93, 157.","2020-03-31",NA,"2020-09-08",1,1,NA,NA,1,NA,NA,NA
"315","Republic of the Congo","Q4",0,0,0,0,0,0,3,0.099,1,0.15,0.0535194,0,0,1,1,0,1,0,0,1,0,0,2,0,1,1,"Constitution (2015), articles 93, 157.","2020-03-31",NA,"2020-12-16",1,1,NA,NA,1,NA,NA,NA
"316","Romania","Q2",0,0,1,0,0,0,1,0.434,2,0.1,0.0982576,0,0,0,0,0,1,0,0,0,1,1,2,1,1,1,"Constitution (Article 93, paragraph 1, Article 100)","2020-03-16","2020-05-14","2020-05-14",1,1,NA,NA,1,"2020-03-16","2020-05-14",NA
"317","Romania","Q3",0,0,0,0,0,0,0,0.434,2,0,0,0,0,0,0,0,1,0,0,0,1,1,2,1,1,4,"Law 55/2020","2020-05-18",NA,"2020-10-15",0,0,NA,NA,0,NA,NA,NA
"318","Romania","Q4",0,0,0,0,0,0,0,0.434,2,0,0,0,0,0,0,0,1,0,0,0,1,1,2,1,1,4,"Law 55/2020","2020-05-18",NA,"2020-12-15",0,0,NA,NA,1,NA,NA,NA
"319","Russia","Q2",0,0,1,2,0,1,3,0.099,1,0.35,0.1248786,0,0,1,1,1,2,1,0,1,1,0,0,0,0,4,"Constitution (Article 80)","2020-03-25",NA,NA,0,0,NA,NA,3,NA,NA,NA
"320","Russia","Q3",0,0,0,2,0,1,3,0.099,1,0.3,0.1070388,0,0,1,1,1,2,1,0,1,1,0,0,0,0,4,"Constitution (Article 80)","2020-03-25",NA,NA,0,0,NA,NA,3,NA,NA,NA
"321","Russia","Q4",0,0,0,2,0,1,3,0.099,1,0.3,0.1070388,0,0,1,1,1,2,1,0,1,1,0,0,0,0,4,"Constitution (Article 80)","2020-03-25",NA,NA,0,0,NA,NA,3,NA,NA,NA
"322","Rwanda","Q2",0,0,1,0,0,0,3,0.154,1,0.2,0.1042272,0,0,1,1,1,2,0,1,0,1,0,2,0,NA,5,NA,NA,NA,NA,NA,NA,NA,NA,1,NA,NA,NA
"323","Rwanda","Q3",0,0,0,0,0,0,3,0.154,1,0.15,0.0781704,0,0,1,1,1,2,0,1,0,1,0,2,0,NA,5,NA,NA,NA,NA,NA,NA,NA,NA,1,NA,NA,NA
"324","Rwanda","Q4",0,0,0,0,0,0,3,0.154,1,0.15,0.0781704,0,0,1,1,1,2,0,1,0,1,0,2,0,NA,5,NA,NA,NA,NA,NA,NA,NA,NA,1,NA,NA,NA
"325","Saudi Arabia","Q2",3,3,0,0,3,0,3,0.04,0,0.6,0.09216,3,1,1,1,0,0,0,0,0,0,0,5,0,NA,5,NA,NA,NA,NA,NA,NA,NA,NA,2,NA,NA,NA
"326","Saudi Arabia","Q3",3,3,0,0,3,0,3,0.04,0,0.6,0.09216,3,1,1,1,0,0,0,0,0,0,0,5,0,NA,5,NA,NA,NA,NA,NA,NA,NA,NA,2,NA,NA,NA
"327","Saudi Arabia","Q4",3,3,0,0,3,0,3,0.04,0,0.6,0.09216,3,1,1,1,0,0,0,0,0,0,0,5,0,NA,5,NA,NA,NA,NA,NA,NA,NA,NA,0,NA,NA,NA
"328","Senegal","Q2",0,0,1,0,0,1,3,0.561,2,0.25,0.246279,0,0,0,1,1,2,0,1,2,1,0,2,0,1,1,"Constitution (2001, rev.2016), Article 69 
Law no1969/29 du 29 avril 1969, on the state of urgency and state of siege.","2020-03-23","2020-06-30","2020-06-30",1,1,NA,NA,0,NA,NA,NA
"329","Senegal","Q3",0,0,0,0,0,2,0,0.561,2,0.1,0.0985116,0,0,0,1,1,2,0,1,2,1,0,2,0,1,5,NA,NA,NA,NA,NA,NA,NA,NA,0,NA,NA,NA
"330","Senegal","Q4",0,0,0,0,0,2,0,0.561,2,0.1,0.0985116,0,0,0,1,1,2,0,1,2,1,0,2,0,1,5,NA,NA,NA,NA,NA,NA,NA,NA,0,NA,NA,NA
"331","Serbia","Q2",3,0,1,0,3,2,3,0.254,1,0.6,0.4547616,3,0,0,1,0,2,1,1,2,1,1,4,3,0,1,"Constitution (Article 200, paragraph 5)","2020-03-15","2020-05-06","2020-05-06",1,1,"2020-03-04","2020-04-28",0,"2020-03-28","2020-04-03",NA
"332","Serbia","Q3",3,0,0,2,0,2,0,0.254,1,0.35,0.2652776,3,0,0,1,0,2,1,1,2,1,1,4,3,0,4,"""Zakon o zaštiti stanovništva od zaraznih bolesti""","2020-05-07",NA,NA,0,0,NA,NA,1,NA,NA,NA
"333","Serbia","Q4",3,0,0,2,0,0,0,0.254,1,0.25,0.189484,3,0,0,1,0,2,1,1,2,1,1,4,3,0,4,"""Zakon o zaštiti stanovništva od zaraznih bolesti""","2020-05-07",NA,NA,0,0,NA,NA,0,NA,NA,NA
"334","Sierra Leone","Q2",0,0,0,0,2,0,3,0.395,2,0.25,0.238975,0,0,0,1,0,0,0,1,0,0,1,3,0,1,1,"Constitution (Subsection 1 of Section 29 of the Constitution of Sierra Leone, 1991, Act No. 6 of 1991)","2020-03-24",NA,"2021-03-24",1,1,NA,NA,0,NA,NA,NA
"335","Sierra Leone","Q3",0,0,0,0,2,0,0,0.395,2,0.1,0.09559,0,0,0,1,0,0,0,1,0,0,1,3,0,1,1,"Constitution (Subsection 1 of Section 29 of the Constitution of Sierra Leone, 1991, Act No. 6 of 1991)","2020-03-24",NA,"2021-03-24",1,1,NA,NA,0,NA,NA,NA
"336","Sierra Leone","Q4",0,0,0,0,2,0,0,0.395,2,0.1,0.09559,0,0,0,1,0,0,0,1,0,0,1,3,0,1,1,"Constitution (Subsection 1 of Section 29 of the Constitution of Sierra Leone, 1991, Act No. 6 of 1991)","2020-03-24",NA,"2021-03-24",1,1,NA,NA,0,NA,NA,NA
"337","Singapore","Q2",3,0,0,0,0,0,3,0.345,1,0.3,0.27117,3,0,1,1,0,0,0,0,0,0,0,0,0,1,4,"COVID 19 (Temporary Measures) Act 2020 > COVID-19 CONTROL ORDERS","2020-03-27",NA,"2021-04-07",1,1,NA,NA,0,NA,NA,NA
"338","Singapore","Q3",3,0,0,0,0,0,3,0.345,1,0.3,0.27117,3,0,1,1,0,0,0,0,0,0,0,0,0,1,4,"COVID 19 (Temporary Measures) Act 2020 > COVID-19 CONTROL ORDERS","2020-03-27",NA,"2021-04-07",1,1,NA,NA,0,NA,NA,NA
"339","Singapore","Q4",3,0,0,0,0,0,3,0.345,1,0.3,0.27117,3,0,1,1,0,0,0,0,0,0,0,0,0,1,4,"COVID 19 (Temporary Measures) Act 2020 > COVID-19 CONTROL ORDERS","2020-03-27",NA,"2021-04-07",1,1,NA,NA,0,NA,NA,NA
"340","Slovakia","Q2",3,0,1,2,0,0,0,0.717,2,0.3,0.2434932,3,0,0,0,0,0,0,0,0,1,1,0,0,0,2,"227/2002 ÚSTAVNÝ ZÁKON z 11. apríla 2002 o bezpečnosti štátu v čase vojny, vojnového stavu, výnimočného stavu a núdzového stavu","2020-03-16",NA,NA,0,0,NA,NA,0,NA,NA,NA
"341","Slovakia","Q3",0,0,0,2,0,0,0,0.717,2,0.1,0.0811644,3,0,0,0,0,0,0,0,0,1,1,0,0,0,4,"""Zákon č. 42/1994. Zákon Národnej rady Slovenskej republiky o civilnej ochrane obyvateľstva""","2020-03-12",NA,NA,0,0,NA,NA,0,NA,NA,NA
"342","Slovakia","Q4",0,0,0,2,0,0,0,0.717,2,0.1,0.0811644,3,0,0,0,0,0,0,0,0,1,1,0,0,0,2,"227/2002 ÚSTAVNÝ ZÁKON z 11. apríla 2002 o bezpečnosti štátu v čase vojny, vojnového stavu, výnimočného stavu a núdzového stavu","2020-10-01",NA,NA,0,0,NA,NA,0,NA,NA,NA
"343","Slovenia","Q2",0,0,0,2,0,0,2,0.714,3,0.2,0.1633632,0,0,0,0,0,1,1,0,0,0,0,0,0,0,4,"Zakon o nalezljivih boleznih (ZNB)","2020-03-07",NA,NA,0,0,NA,NA,0,NA,NA,NA
"344","Slovenia","Q3",0,0,0,2,0,0,2,0.714,3,0.2,0.1633632,0,0,0,0,0,1,1,0,0,0,0,0,0,0,4,"Zakon o nalezljivih boleznih (ZNB)","2020-03-07",NA,NA,0,0,NA,NA,0,NA,NA,NA
"345","Slovenia","Q4",0,0,0,2,0,0,2,0.714,3,0.2,0.1633632,0,0,0,0,0,1,1,0,0,0,0,0,0,0,4,"Zakon o nalezljivih boleznih (ZNB)","2020-03-07",NA,NA,0,0,NA,NA,0,NA,NA,NA
"346","Somalia","Q2",0,0,2,0,3,0,3,0.102,0,0.4,0.1465536,0,0,1,1,0,2,1,1,0,2,0,4,0,NA,5,NA,NA,NA,NA,NA,NA,"2020-04-20","2020-06-06",0,NA,NA,NA
"347","Somalia","Q3",0,0,0,0,0,0,3,0.102,0,0.15,0.0549576,0,0,1,1,0,2,1,1,0,2,0,4,0,NA,5,NA,NA,NA,NA,NA,NA,NA,NA,0,NA,NA,NA
"348","Somalia","Q4",0,0,0,0,0,0,3,0.102,0,0.15,0.0549576,0,0,1,1,0,2,1,1,0,2,0,4,0,NA,5,NA,NA,NA,NA,NA,NA,NA,NA,0,NA,NA,NA
"349","South Africa","Q2",0,0,3,0,0,1,3,0.575,2,0.35,0.342125,0,0,0,1,0,0,1,1,1,3,1,2,1,1,3,"National state of disaster","2020-03-15",NA,"2020-07-15",0,0,NA,NA,2,"2020-04-29","2020-07-15",NA
"350","South Africa","Q3",0,0,3,0,0,1,0,0.575,2,0.2,0.1955,0,0,0,1,0,0,1,1,1,3,1,2,1,1,3,"National state of disaster","2020-03-15",NA,"2020-10-15",0,0,NA,NA,2,"2020-04-29","2020-10-15",NA
"351","South Africa","Q4",0,0,3,0,0,1,0,0.575,2,0.2,0.1955,0,0,0,1,0,0,1,1,1,3,1,2,1,1,3,"National state of disaster","2020-03-15",NA,"2020-12-15",0,0,NA,NA,2,"2020-04-29","2020-12-15",NA
"352","South Korea","Q2",0,0,0,2,0,0,0,0.78,3,0.1,0.06864,0,0,0,0,0,0,0,0,0,0,0,0,0,0,4,"The Infectious Disease Control and Prevention Act.","2020-03-04",NA,NA,0,0,NA,NA,0,NA,NA,NA
"353","South Korea","Q3",0,0,0,2,0,0,0,0.78,3,0.1,0.06864,0,0,0,0,0,0,0,0,0,0,0,0,0,0,4,"The Infectious Disease Control and Prevention Act.","2020-03-04",NA,NA,0,0,NA,NA,0,NA,NA,NA
"354","South Korea","Q4",0,0,0,2,0,0,0,0.78,3,0.1,0.06864,0,0,0,0,0,0,0,0,0,0,0,0,0,0,4,"The Infectious Disease Control and Prevention Act.","2020-03-04",NA,NA,0,0,NA,NA,0,NA,NA,NA
"355","South Sudan","Q2",0,0,0,0,0,0,3,0.064,0,0.15,0.0359424,0,0,1,1,0,0,0,0,0,0,0,0,0,NA,5,NA,"2020-03-16",NA,NA,NA,NA,NA,NA,0,NA,NA,NA
"356","South Sudan","Q3",0,0,0,0,0,0,3,0.064,0,0.15,0.0359424,0,0,1,1,0,0,0,0,0,0,0,0,0,NA,5,NA,"2020-03-16",NA,NA,NA,NA,NA,NA,0,NA,NA,NA
"357","South Sudan","Q4",0,0,0,0,0,0,3,0.064,0,0.15,0.0359424,0,0,1,1,0,0,0,0,0,0,0,0,0,NA,5,NA,"2020-03-16",NA,NA,NA,NA,NA,NA,0,NA,NA,NA
"358","Spain","Q2",0,0,1,2,0,0,1,0.815,3,0.2,0.12062,0,0,0,0,0,1,0,0,0,1,1,2,0,0,1,"Ley Orgánica 4/1981, de 1 de junio, de los estados de alarma, excepción y sitio.","2020-03-14",NA,NA,1,1,NA,NA,2,NA,NA,NA
"359","Spain","Q3",0,0,0,2,0,0,0,0.815,3,0.1,0.06031,0,0,0,0,0,1,0,0,0,1,1,2,0,0,4,"Constitution, Articles 43.2 and 149.1.","2020-06-11",NA,NA,1,1,NA,NA,2,NA,NA,NA
"360","Spain","Q4",0,0,0,2,0,0,0,0.815,3,0.1,0.06031,0,0,0,0,0,1,0,0,0,1,1,2,0,0,1,"Ley Orgánica 4/1981, de 1 de junio, de los estados de alarma, excepción y sitio.","2020-10-25",NA,NA,1,1,NA,NA,2,NA,NA,NA
"361","Sri Lanka","Q2",3,3,1,0,3,1,3,0.469,2,0.7,0.6973092,3,1,0,1,0,0,0,0,1,1,1,4,0,NA,5,NA,NA,NA,NA,NA,NA,"2020-03-02","2020-08-05",0,NA,NA,NA
"362","Sri Lanka","Q3",3,3,0,0,3,1,3,0.469,2,0.65,0.6475014,3,1,0,1,0,0,0,0,1,1,1,4,0,NA,6,NA,NA,NA,NA,NA,NA,"2020-03-02","2020-08-05",1,NA,NA,NA
"363","Sri Lanka","Q4",3,3,0,0,0,1,3,0.469,2,0.5,0.498078,3,1,0,1,0,0,0,0,1,1,1,4,0,NA,6,NA,NA,NA,NA,NA,NA,NA,NA,1,NA,NA,NA
"364","Sudan","Q2",0,0,0,2,3,0,2,0.087,0,0.35,0.1112034,0,0,0,0,0,0,1,0,0,0,1,5,0,0,2,"State of Health Emergency","2020-03-16",NA,NA,1,0,NA,NA,1,NA,NA,NA
"365","Sudan","Q3",0,0,0,2,3,0,0,0.087,0,0.25,0.079431,0,0,0,0,0,0,1,0,0,0,1,5,0,0,2,"State of Health Emergency","2020-03-16",NA,NA,1,0,NA,NA,1,NA,NA,NA
"366","Sudan","Q4",0,0,0,2,3,0,0,0.087,0,0.25,0.079431,0,0,0,0,0,0,1,0,0,0,1,5,0,0,2,"State of Health Emergency","2020-03-16",NA,NA,1,0,NA,NA,0,NA,NA,NA
"367","Sweden","Q2",0,0,0,0,0,0,0,0.829,3,0,0,0,0,0,0,0,0,0,0,0,0,0,0,0,0,4,"Temporary authorisations in the Communicable Diseases Act due to the virus causing covid-19","2020-04-18","2020-06-30","2020-06-30",1,1,NA,NA,0,NA,NA,NA
"368","Sweden","Q3",0,0,0,2,0,0,0,0.829,3,0.1,0.0567036,0,0,0,0,0,0,0,0,0,0,0,0,0,0,4,"Public Order Act (Ordningslag [1993:1617])","2020-03-12",NA,NA,0,0,NA,NA,0,NA,NA,NA
"369","Sweden","Q4",0,0,0,0,0,0,0,0.829,3,0,0,0,0,0,0,0,0,0,0,0,0,0,0,0,0,4,"Public Order Act (Ordningslag [1993:1617])","2020-03-12",NA,"2020-12-22",0,0,NA,NA,1,NA,NA,NA
"370","Switzerland","Q2",0,0,0,0,0,0,0,0.827,3,0,0,0,0,0,0,0,0,0,0,0,0,0,0,0,1,4,"Federal Constitution - Article 185(3), authorizing the government to “issue ordinances and rulings in order to counter existing or imminent threats of serious disruption to public order or internal or external security” for a limited duration;
Epidemics Act of 28 September 2012 - Article 7","2020-03-13",NA,"2020-09-13",0,0,NA,NA,2,NA,NA,NA
"371","Switzerland","Q3",0,0,0,0,0,0,0,0.827,3,0,0,0,0,0,0,0,0,0,0,0,0,0,0,0,1,4,"Federal Constitution - Article 185(3), authorizing the government to “issue ordinances and rulings in order to counter existing or imminent threats of serious disruption to public order or internal or external security” for a limited duration;
Epidemics Act of 28 September 2012 - Article 7","2020-03-13",NA,"2021-12-31",0,0,NA,NA,2,NA,NA,NA
"372","Switzerland","Q4",0,0,0,0,0,0,0,0.827,3,0,0,0,0,0,0,0,0,0,0,0,0,0,0,0,1,4,"Federal Constitution - Article 185(3), authorizing the government to “issue ordinances and rulings in order to counter existing or imminent threats of serious disruption to public order or internal or external security” for a limited duration;
Epidemics Act of 28 September 2012 - Article 7","2020-03-13",NA,"2021-12-31",1,1,NA,NA,2,NA,NA,NA
"373","Taiwan","Q2",0,0,0,0,0,0,0,0.697,3,0,0,0,0,0,0,0,0,0,0,0,0,0,0,1,1,4,"Special Act for Prevention, Relief and Revitalization Measures for Severe Pneumonia with Novel Pathogens","2020-02-25",NA,"2021-06-30",1,1,NA,NA,0,"2020-02-25","2021-06-30",NA
"374","Taiwan","Q3",0,0,0,0,0,0,0,0.697,3,0,0,0,0,0,0,0,0,0,0,0,0,0,0,1,1,4,"Special Act for Prevention, Relief and Revitalization Measures for Severe Pneumonia with Novel Pathogens","2020-02-25",NA,"2021-06-30",1,1,NA,NA,0,"2020-02-25","2021-06-30",NA
"375","Taiwan","Q4",0,0,0,0,0,0,0,0.697,3,0,0,0,0,0,0,0,0,0,0,0,0,0,0,1,1,4,"Special Act for Prevention, Relief and Revitalization Measures for Severe Pneumonia with Novel Pathogens","2020-02-25",NA,"2021-06-30",1,1,NA,NA,0,"2020-02-25","2021-06-30",NA
"376","Tajikistan","Q2",0,0,0,2,0,1,3,0.062,1,0.3,0.0697872,0,0,1,1,0,2,1,0,1,0,0,0,0,0,4,"Constitution (Article 69)","2020-04-01",NA,NA,0,0,NA,NA,0,NA,NA,NA
"377","Tajikistan","Q3",0,0,0,2,0,0,3,0.062,1,0.25,0.058156,0,0,1,1,0,2,1,0,1,0,0,0,0,0,4,"Constitution (Article 69)","2020-04-01",NA,NA,0,0,NA,NA,0,NA,NA,NA
"378","Tajikistan","Q4",0,0,0,2,0,0,3,0.062,1,0.25,0.058156,0,0,1,1,0,2,1,0,1,0,0,0,0,0,4,"Constitution (Article 69)","2020-04-01",NA,NA,0,0,NA,NA,0,NA,NA,NA
"379","Tanzania","Q2",0,0,0,0,0,3,3,0.342,1,0.3,0.2700432,0,0,1,1,0,2,0,0,3,0,0,0,0,NA,5,NA,NA,NA,NA,NA,NA,NA,NA,0,NA,NA,NA
"380","Tanzania","Q3",0,0,0,0,0,3,3,0.342,1,0.3,0.2700432,0,0,1,1,0,2,0,0,3,0,0,0,0,NA,6,NA,NA,NA,NA,NA,NA,NA,NA,0,NA,NA,NA
"381","Tanzania","Q4",0,0,0,0,0,3,3,0.342,1,0.3,0.2700432,0,0,1,1,0,2,0,0,3,0,0,0,0,NA,6,NA,NA,NA,NA,NA,NA,NA,NA,0,NA,NA,NA
"382","Thailand","Q2",0,0,0,0,2,0,3,0.152,0,0.25,0.128896,0,0,1,1,0,1,0,0,0,0,1,3,2,1,1,"Emergency Decree on Public Administration in Emergency Situation B.E 2548 (2005)","2020-03-26",NA,"2020-06-30",0,0,NA,NA,0,"2020-03-26",NA,NA
"383","Thailand","Q3",0,0,0,0,2,0,3,0.152,0,0.25,0.128896,0,0,1,1,0,1,0,0,0,0,1,3,2,1,1,"Emergency Decree on Public Administration in Emergency Situation B.E 2548 (2005)","2020-03-26",NA,"2020-09-30",0,0,NA,NA,0,"2020-03-26",NA,NA
"384","Thailand","Q4",0,0,0,0,2,0,3,0.152,0,0.25,0.128896,0,0,1,1,0,1,0,0,0,0,1,3,2,1,1,"Emergency Decree on Public Administration in Emergency Situation B.E 2548 (2005)","2020-03-26",NA,"2021-01-15",0,0,NA,NA,0,"2020-03-26",NA,NA
"385","The Gambia","Q2",0,0,0,0,0,1,3,0.459,2,0.2,0.1986552,0,0,0,1,0,0,0,0,1,0,0,1,0,0,1,"State of Public Emergency","2020-03-27","2020-07-22","2020-07-22",1,0,NA,NA,0,NA,NA,NA
"386","The Gambia","Q3",0,0,0,0,0,0,0,0.459,2,0,0,0,0,0,1,0,0,0,0,1,0,0,1,0,0,1,"State of Public Emergency","2020-08-05","2020-09-17","2020-09-17",1,0,NA,NA,0,NA,NA,NA
"387","The Gambia","Q4",0,0,0,2,0,0,0,0.459,2,0.1,0.0993276,0,0,0,1,0,0,0,0,1,0,0,1,0,0,2,"The Public Health (Dangerous infectious Diseases) Protection Regulations, 2020","2020-07-24",NA,NA,0,0,NA,NA,0,NA,NA,NA
"388","Togo","Q2",0,0,2,0,0,1,0,0.179,1,0.15,0.0881754,0,0,0,0,0,0,0,0,2,2,1,1,0,1,1,"Constitution, articles 86 and 94. (1)","2020-04-02",NA,"2020-07-02",1,1,NA,NA,0,NA,NA,NA
"389","Togo","Q3",0,0,2,0,0,2,0,0.179,1,0.2,0.1175672,0,0,0,0,0,0,0,0,2,2,1,1,0,1,1,"Constitution, articles 86 and 94. (1)","2020-04-02",NA,"2020-09-16",1,1,NA,NA,1,NA,NA,NA
"390","Togo","Q4",0,0,2,0,0,2,0,0.179,1,0.2,0.1175672,0,0,0,0,0,0,0,0,2,2,1,1,0,1,1,"Constitution, articles 86 and 94. (1)","2020-04-02",NA,"2021-03-01",1,1,NA,NA,1,NA,NA,NA
"391","Tunisia","Q2",0,0,0,2,2,0,3,0.655,3,0.35,0.316365,0,0,0,1,0,0,0,0,0,0,1,3,0,0,4,"Constitution of Tunisia (Articles 70 and 80)","2020-04-04",NA,NA,1,1,NA,NA,0,NA,NA,NA
"392","Tunisia","Q3",0,0,0,2,2,0,0,0.655,3,0.2,0.18078,0,0,0,1,0,0,0,0,0,0,1,3,0,0,4,"Constitution of Tunisia (Articles 70 and 80)","2020-04-04",NA,NA,1,1,NA,NA,1,NA,NA,NA
"393","Tunisia","Q4",0,0,0,2,2,0,0,0.655,3,0.2,0.18078,0,0,0,1,0,0,0,0,0,0,1,3,0,0,4,"Constitution of Tunisia (Articles 70 and 80)","2020-04-04",NA,NA,1,1,NA,NA,2,NA,NA,NA
"394","Turkey","Q2",0,0,1,2,2,1,3,0.101,1,0.45,0.1634382,0,0,1,1,0,2,1,1,2,1,0,3,0,0,4,"Law on the Protection of Public Health (Law no. 1593);
Law on Provincial Administration (Law no. 5442)","2020-03-21",NA,NA,0,0,NA,NA,2,NA,NA,NA
"395","Turkey","Q3",0,0,1,2,2,2,3,0.101,1,0.5,0.181598,0,0,1,1,0,2,1,1,2,1,0,3,0,0,4,"Law on the Protection of Public Health (Law no. 1593);
Law on Provincial Administration (Law no. 5442)","2020-03-21",NA,NA,0,0,NA,NA,0,NA,NA,NA
"396","Turkey","Q4",0,0,1,2,2,2,3,0.101,1,0.5,0.181598,0,0,1,1,0,2,1,1,2,1,0,3,0,0,4,"Law on the Protection of Public Health (Law no. 1593);
Law on Provincial Administration (Law no. 5442)","2020-03-21",NA,NA,0,0,NA,NA,0,NA,NA,NA
"397","Turkmenistan","Q2",0,0,0,0,0,3,3,0.053,1,0.3,0.0602292,0,0,1,1,0,2,0,0,3,0,0,0,0,NA,5,NA,NA,NA,NA,NA,NA,NA,NA,0,NA,NA,NA
"398","Turkmenistan","Q3",0,0,0,0,0,3,3,0.053,1,0.3,0.0602292,0,0,1,1,0,2,0,0,3,0,0,0,0,NA,5,NA,NA,NA,NA,NA,NA,NA,NA,0,NA,NA,NA
"399","Turkmenistan","Q4",0,0,0,0,0,3,3,0.053,1,0.3,0.0602292,0,0,1,1,0,2,0,0,3,0,0,0,0,NA,5,NA,NA,NA,NA,NA,NA,NA,NA,0,NA,NA,NA
"400","Uganda","Q2",3,0,3,2,0,1,3,0.222,1,0.6,0.4145184,3,0,1,1,0,1,0,1,1,3,1,2,0,0,4,"Public Health Act of Uganda (Cap 281, 2000)","2020-03-13",NA,NA,0,0,NA,NA,1,NA,NA,NA
"401","Uganda","Q3",3,0,3,2,0,1,3,0.222,1,0.6,0.4145184,3,0,1,1,0,1,0,1,1,3,1,2,0,0,4,"Public Health Act of Uganda (Cap 281, 2000)","2020-03-13",NA,NA,0,0,NA,NA,0,NA,NA,NA
"402","Uganda","Q4",3,0,3,2,0,0,3,0.222,1,0.55,0.3799752,3,0,1,1,0,1,0,1,1,3,1,2,0,0,4,"Public Health Act of Uganda (Cap 281, 2000)","2020-03-13",NA,NA,0,0,NA,NA,0,NA,NA,NA
"403","Ukraine","Q2",0,0,0,0,0,0,3,0.292,1,0.15,0.1240416,0,0,0,0,0,1,0,1,0,0,1,0,0,1,4,"KODEKS TSYVILʹNOHO ZAKHYSTU UKRAYINY","2020-03-25","2020-04-24","2020-04-24",0,0,NA,NA,1,NA,NA,NA
"404","Ukraine","Q3",0,0,0,0,0,0,1,0.292,1,0.05,0.0413472,0,0,0,0,0,1,0,1,0,0,1,0,0,1,4,"ZAKON UKRAYINY Pro zakhyst naselennya vid infektsiynykh khvorob","2020-03-12",NA,"2020-10-31",0,0,NA,NA,1,NA,NA,NA
"405","Ukraine","Q4",0,0,0,0,0,0,1,0.292,1,0.05,0.0413472,0,0,0,0,0,1,0,1,0,0,1,0,0,1,4,"ZAKON UKRAYINY Pro zakhyst naselennya vid infektsiynykh khvorob","2020-03-12",NA,"2020-12-31",0,0,NA,NA,1,NA,NA,NA
"406","United Arab Emirates","Q2",0,0,0,0,0,0,3,0.091,0,0.15,0.0496314,0,0,1,1,0,0,0,0,0,0,0,0,3,NA,5,NA,NA,NA,NA,NA,NA,NA,NA,1,"2020-04-18",NA,NA
"407","United Arab Emirates","Q3",0,0,0,0,0,0,3,0.091,0,0.15,0.0496314,0,0,1,1,0,0,0,0,0,0,0,0,3,NA,5,NA,NA,NA,NA,NA,NA,NA,NA,0,"2020-04-18",NA,NA
"408","United Arab Emirates","Q4",0,0,0,0,0,0,3,0.091,0,0.15,0.0496314,0,0,1,1,0,0,0,0,0,0,0,0,3,NA,5,NA,NA,NA,NA,NA,NA,NA,NA,0,"2020-04-18",NA,NA
"409","United Kingdom","Q2",1,0,0,0,0,0,1,0.79,3,0.1,0.06636,1,0,0,0,0,1,1,0,0,0,0,0,0,1,4,"Public Health (Control of Disease) Act 1984","2020-03-26",NA,"2020-09-26",1,1,NA,NA,1,NA,NA,NA
"410","United Kingdom","Q3",1,0,0,0,0,0,1,0.79,3,0.1,0.06636,1,0,0,0,0,1,1,0,0,0,0,0,0,1,4,"Public Health (Control of Disease) Act 1984","2020-03-26",NA,"2021-01-04",1,1,NA,NA,1,NA,NA,NA
"411","United Kingdom","Q4",1,0,0,0,0,0,2,0.79,3,0.15,0.09954,1,0,0,0,0,1,1,0,0,0,0,0,0,1,4,"Public Health (Control of Disease) Act 1984","2020-03-26",NA,"2021-02-02",1,1,NA,NA,2,NA,NA,NA
"412","United States of America","Q2",0,0,0,2,0,2,2,0.7,3,0.3,0.252,0,0,0,0,0,1,1,0,2,0,0,0,0,0,1,"National Emergency Act","2020-03-13",NA,NA,0,0,NA,NA,3,NA,NA,NA
"413","United States of America","Q3",0,0,0,2,0,2,1,0.7,3,0.25,0.21,0,0,0,0,0,1,1,0,2,0,0,0,0,0,1,"National Emergency Act","2020-03-13",NA,NA,0,0,NA,NA,3,NA,NA,NA
"414","United States of America","Q4",0,0,0,2,0,2,1,0.7,3,0.25,0.21,0,0,0,0,0,1,1,0,2,0,0,0,0,0,1,"National Emergency Act","2020-03-13",NA,NA,0,0,NA,NA,3,NA,NA,NA
"415","Uruguay","Q2",0,0,0,2,0,0,0,0.78,3,0.1,0.06864,0,0,0,0,0,0,0,0,0,1,0,2,0,0,2,"Ley nº 9202 - Ley Organica de Salud Publica","2020-03-13",NA,NA,0,0,NA,NA,0,NA,NA,NA
"416","Uruguay","Q3",0,0,0,2,0,0,0,0.78,3,0.1,0.06864,0,0,0,0,0,0,0,0,0,1,0,2,0,0,2,"Ley nº 9202 - Ley Organica de Salud Publica","2020-03-13",NA,NA,0,0,NA,NA,1,NA,NA,NA
"417","Uruguay","Q4",0,0,1,2,0,0,0,0.78,3,0.15,0.10296,0,0,0,0,0,0,0,0,0,1,0,2,0,0,2,"Ley nº 9202 - Ley Organica de Salud Publica","2020-03-13",NA,NA,0,0,NA,NA,1,NA,NA,NA
"418","Uzbekistan","Q2",0,0,0,2,0,0,3,0.088,0,0.25,0.080256,0,0,1,1,0,0,0,0,0,0,1,0,0,0,4,"RASPORYAZHENIYE PREZIDENTA RESPUBLIKI UZBEKISTAN OB OBRAZOVANII SPETSIAL'NOY RESPUBLIKANSKOY KOMISSII PO PODGOTOVKE PROGRAMMY MER PO PREDUPREZHDENIYU ZAVOZA I RASPROSTRANENIYA NOVOGO TIPA KORONAVIRUSA V RESPUBLIKE UZBEKISTAN","2020-03-24",NA,NA,0,0,NA,NA,1,NA,NA,NA
"419","Uzbekistan","Q3",0,0,0,2,0,0,3,0.088,0,0.25,0.080256,0,0,1,1,0,0,0,0,0,0,1,0,0,0,4,"RASPORYAZHENIYE PREZIDENTA RESPUBLIKI UZBEKISTAN OB OBRAZOVANII SPETSIAL'NOY RESPUBLIKANSKOY KOMISSII PO PODGOTOVKE PROGRAMMY MER PO PREDUPREZHDENIYU ZAVOZA I RASPROSTRANENIYA NOVOGO TIPA KORONAVIRUSA V RESPUBLIKE UZBEKISTAN","2020-03-24",NA,NA,0,0,NA,NA,0,NA,NA,NA
"420","Uzbekistan","Q4",0,0,0,2,0,0,3,0.088,0,0.25,0.080256,0,0,1,1,0,0,0,0,0,0,1,0,0,0,4,"RASPORYAZHENIYE PREZIDENTA RESPUBLIKI UZBEKISTAN OB OBRAZOVANII SPETSIAL'NOY RESPUBLIKANSKOY KOMISSII PO PODGOTOVKE PROGRAMMY MER PO PREDUPREZHDENIYU ZAVOZA I RASPROSTRANENIYA NOVOGO TIPA KORONAVIRUSA V RESPUBLIKE UZBEKISTAN","2020-03-24",NA,NA,0,0,NA,NA,0,NA,NA,NA
"421","Venezuela","Q2",0,3,3,0,2,2,3,0.086,1,0.65,0.2043704,0,1,1,1,1,2,1,1,2,3,1,3,0,1,1,"Article 338 of the Constitution","2020-03-13",NA,"2020-06-13",1,0,NA,NA,1,NA,NA,NA
"422","Venezuela","Q3",0,3,3,0,2,2,3,0.086,1,0.65,0.2043704,0,1,1,1,1,2,1,1,2,3,1,3,0,1,1,"Article 338 of the Constitution","2020-03-13",NA,"2020-09-08",1,0,NA,NA,1,NA,NA,NA
"423","Venezuela","Q4",0,3,3,0,2,2,3,0.086,1,0.65,0.2043704,0,1,1,1,1,2,1,1,2,3,1,3,0,1,1,"Article 338 of the Constitution","2020-03-13","2020-12-03","2020-12-03",1,0,NA,NA,1,NA,NA,NA
"424","Vietnam","Q2",0,0,0,0,0,0,3,0.122,0,0.15,0.0642696,0,0,1,1,0,0,0,0,0,0,0,0,0,NA,5,NA,NA,NA,NA,NA,NA,NA,NA,1,NA,NA,NA
"425","Vietnam","Q3",0,0,0,0,0,0,3,0.122,0,0.15,0.0642696,0,0,1,1,0,0,0,0,0,0,0,0,0,NA,5,NA,NA,NA,NA,NA,NA,NA,NA,1,NA,NA,NA
"426","Vietnam","Q4",0,0,0,0,0,0,3,0.122,0,0.15,0.0642696,0,0,1,1,0,0,0,0,0,0,0,0,0,NA,5,NA,NA,NA,NA,NA,NA,NA,NA,0,NA,NA,NA
"427","Zambia","Q2",0,0,1,2,3,0,0,0.274,1,0.3,0.2387088,0,0,0,0,0,0,0,0,0,1,0,4,0,0,4,"The Public Health Act (sections 28, 30, and 114)","2020-03-13",NA,NA,0,0,"2020-03-18","2020-06-09",0,NA,NA,NA
"428","Zambia","Q3",0,0,0,2,3,0,0,0.274,1,0.25,0.198924,0,0,0,0,0,0,0,0,0,1,0,4,0,0,4,"The Public Health Act (sections 28, 30, and 114)","2020-03-13",NA,NA,0,0,"2020-07-21","2020-09-11",0,NA,NA,NA
"429","Zambia","Q4",0,0,0,2,0,0,0,0.274,1,0.1,0.0795696,0,0,0,0,0,0,0,0,0,1,0,4,0,0,4,"The Public Health Act (sections 28, 30, and 114)","2020-03-13",NA,NA,0,0,NA,NA,0,NA,NA,NA
"430","Zimbabwe","Q2",0,0,2,2,0,0,3,0.175,1,0.35,0.202125,0,0,0,1,0,2,1,1,0,2,1,2,0,0,3,"State of Disaster","2020-03-23",NA,NA,0,0,NA,NA,0,NA,NA,NA
"431","Zimbabwe","Q3",0,0,2,2,0,0,3,0.175,1,0.35,0.202125,0,0,0,1,0,2,1,1,0,2,1,2,0,0,3,"State of Disaster","2020-03-23",NA,NA,0,0,NA,NA,0,NA,NA,NA
"432","Zimbabwe","Q4",0,0,2,2,0,0,3,0.175,1,0.35,0.202125,0,0,0,1,0,2,1,1,0,2,1,2,0,0,3,"State of Disaster","2020-03-23",NA,NA,0,0,NA,NA,0,NA,NA,NA
